bin_id,lo,hi,count,mean_pred,frac_pos,horizon,stage,absolute_calibration_gap
0,1.404141652861914e-09,2.6213146919415146e-05,203,1.079213355412017e-05,0.0,10,raw,1.079213355412017e-05
1,2.6213146919415146e-05,0.00026700693325108966,202,0.0001372387719127144,0.0,10,raw,0.0001372387719127144
2,0.00026700693325108966,0.0006812357719001033,203,0.0004121749813760985,0.0,10,raw,0.0004121749813760985
3,0.0006812357719001033,0.0012643410018306296,202,0.0010267532458196704,0.0,10,raw,0.0010267532458196704
4,0.0012643410018306296,0.0019467794209114086,203,0.0015462079256118371,0.0,10,raw,0.0015462079256118371
5,0.0019467794209114086,0.004467373676132385,203,0.0030271691967566233,0.0,10,raw,0.0030271691967566233
6,0.004467373676132385,0.012521510566757463,202,0.007572709401611511,0.0,10,raw,0.007572709401611511
7,0.012521510566757463,0.07310875481377949,202,0.0320595072219352,0.0,10,raw,0.0320595072219352
8,0.07310875481377949,0.5869502735259128,203,0.2550435796434422,0.0,10,raw,0.2550435796434422
9,0.5869502735259128,0.9996624466166437,203,0.8663996649824831,0.541871921182266,10,raw,0.3245277438002171
0,3.215653590605072e-25,1.5075769609929037e-14,203,3.037516695721454e-15,0.0,10,platt,3.037516695721454e-15
1,1.5075769609929037e-14,4.976762150998752e-12,202,1.5880161532875986e-12,0.0,10,platt,1.5880161532875986e-12
2,4.976762150998752e-12,5.172345615748412e-11,203,1.661852391270801e-11,0.0,10,platt,1.661852391270801e-11
3,5.172345615748412e-11,2.428346290925297e-10,202,1.5046255231809423e-10,0.0,10,platt,1.5046255231809423e-10
4,2.428346290925297e-10,7.151310613953058e-10,203,4.129258489969552e-10,0.0,10,platt,4.129258489969552e-10
5,7.151310613953058e-10,5.733170344500356e-09,203,2.365674105867415e-09,0.0,10,platt,2.365674105867415e-09
6,5.733170344500356e-09,7.682660635970475e-08,202,2.4856048881923217e-08,0.0,10,platt,2.4856048881923217e-08
7,7.682660635970475e-08,7.392176965654259e-06,202,1.3628394114693245e-06,0.0,10,platt,1.3628394114693245e-06
8,7.392176965654259e-06,0.010035767362277466,203,0.001200100107305966,0.0,10,platt,0.001200100107305966
9,0.010035767362277466,0.9999994964185244,203,0.5406704483801517,0.541871921182266,10,platt,0.0012014728021143561
0,3.215653590605072e-25,1.5075769609929037e-14,203,3.037516695721454e-15,0.0,10,platt_monotone,3.037516695721454e-15
1,1.5075769609929037e-14,4.976762150998752e-12,202,1.5880161532875986e-12,0.0,10,platt_monotone,1.5880161532875986e-12
2,4.976762150998752e-12,5.172345615748412e-11,203,1.661852391270801e-11,0.0,10,platt_monotone,1.661852391270801e-11
3,5.172345615748412e-11,2.428346290925297e-10,202,1.5046255231809423e-10,0.0,10,platt_monotone,1.5046255231809423e-10
4,2.428346290925297e-10,7.151310613953058e-10,203,4.129258489969552e-10,0.0,10,platt_monotone,4.129258489969552e-10
5,7.151310613953058e-10,5.733170344500356e-09,203,2.365674105867415e-09,0.0,10,platt_monotone,2.365674105867415e-09
6,5.733170344500356e-09,7.682660635970475e-08,202,2.4856048881923217e-08,0.0,10,platt_monotone,2.4856048881923217e-08
7,7.682660635970475e-08,7.392176965654259e-06,202,1.3628394114693245e-06,0.0,10,platt_monotone,1.3628394114693245e-06
8,7.392176965654259e-06,0.010035767362277466,203,0.001200100107305966,0.0,10,platt_monotone,0.001200100107305966
9,0.010035767362277466,0.9999994964185244,203,0.5406704483801517,0.541871921182266,10,platt_monotone,0.0012014728021143561
0,1.7089408088089846e-24,1.6348428791198972e-10,203,3.1809278533498086e-11,0.0,20,raw,3.1809278533498086e-11
1,1.6348428791198972e-10,1.0096721948212821e-08,202,2.7339462440890253e-09,0.0,20,raw,2.7339462440890253e-09
2,1.0096721948212821e-08,6.425489828196363e-08,203,3.265042216312253e-08,0.0,20,raw,3.265042216312253e-08
3,6.425489828196363e-08,2.0887610057566208e-07,202,1.1910907652703345e-07,0.0,20,raw,1.1910907652703345e-07
4,2.0887610057566208e-07,8.744768049626555e-07,203,4.797236586074906e-07,0.0,20,raw,4.797236586074906e-07
5,8.744768049626555e-07,5.597240026344529e-06,203,2.466953384751942e-06,0.0,20,raw,2.466953384751942e-06
6,5.597240026344529e-06,3.903385130294662e-05,202,1.6519845376894906e-05,0.0,20,raw,1.6519845376894906e-05
7,3.903385130294662e-05,0.0024152112826538188,202,0.0006496478756855844,0.0,20,raw,0.0006496478756855844
8,0.0024152112826538188,0.6087217761099575,203,0.15449443311537236,0.08866995073891626,20,raw,0.0658244823764561
9,0.6087217761099575,1.0,203,0.9436511416044867,0.9458128078817734,20,raw,0.0021616662772866446
0,1.76860659307547e-24,1.6024096314446177e-10,203,3.1221593482003124e-11,0.0,20,platt,3.1221593482003124e-11
1,1.6024096314446177e-10,9.82775445453707e-09,202,2.664610796045334e-09,0.0,20,platt,2.664610796045334e-09
2,9.82775445453707e-09,6.234807356903236e-08,203,3.17105465337585e-08,0.0,20,platt,3.17105465337585e-08
3,6.234807356903236e-08,2.0227446568255918e-07,202,1.154422543617866e-07,0.0,20,platt,1.154422543617866e-07
4,2.0227446568255918e-07,8.447935477518679e-07,203,4.6384976596139034e-07,0.0,20,platt,4.6384976596139034e-07
5,8.447935477518679e-07,5.3903254087375486e-06,203,2.378529572457522e-06,0.0,20,platt,2.378529572457522e-06
6,5.3903254087375486e-06,3.746784656590805e-05,202,1.587622397591801e-05,0.0,20,platt,1.587622397591801e-05
7,3.746784656590805e-05,0.0023024711562447345,202,0.0006201900193182638,0.0,20,platt,0.0006201900193182638
8,0.0023024711562447345,0.5946250189876952,203,0.14893484841061194,0.08866995073891626,20,platt,0.06026489767169568
9,0.5946250189876952,1.0,203,0.9409242819116906,0.9458128078817734,20,platt,0.004888525970082713
0,4.8250695889799727e-23,1.6024096314446177e-10,203,3.132071212562789e-11,0.0,20,platt_monotone,3.132071212562789e-11
1,1.6024096314446177e-10,9.82775445453707e-09,202,2.664610796045334e-09,0.0,20,platt_monotone,2.664610796045334e-09
2,9.82775445453707e-09,6.234807356903236e-08,203,3.17105465337585e-08,0.0,20,platt_monotone,3.17105465337585e-08
3,6.234807356903236e-08,2.0227446568255918e-07,202,1.154422543617866e-07,0.0,20,platt_monotone,1.154422543617866e-07
4,2.0227446568255918e-07,8.447935477518679e-07,203,4.6384976596139034e-07,0.0,20,platt_monotone,4.6384976596139034e-07
5,8.447935477518679e-07,5.3903254087375486e-06,203,2.378529572457522e-06,0.0,20,platt_monotone,2.378529572457522e-06
6,5.3903254087375486e-06,3.746784656590805e-05,202,1.587622397591801e-05,0.0,20,platt_monotone,1.587622397591801e-05
7,3.746784656590805e-05,0.0023024711562447345,202,0.0006201900193182638,0.0,20,platt_monotone,0.0006201900193182638
8,0.0023024711562447345,0.5946250189876952,203,0.14893484841061194,0.08866995073891626,20,platt_monotone,0.06026489767169568
9,0.5946250189876952,1.0,203,0.9409242819116906,0.9458128078817734,20,platt_monotone,0.004888525970082713
0,7.083572660961247e-21,2.069219993720832e-07,203,4.0662560320707066e-08,0.0,30,raw,4.0662560320707066e-08
1,2.069219993720832e-07,2.3337845099998936e-06,202,9.076493506924185e-07,0.0,30,raw,9.076493506924185e-07
2,2.3337845099998936e-06,1.3961491695835154e-05,203,7.543407205465708e-06,0.0,30,raw,7.543407205465708e-06
3,1.3961491695835154e-05,4.1110179945534145e-05,202,2.5925644308689243e-05,0.0,30,raw,2.5925644308689243e-05
4,4.1110179945534145e-05,0.00011604474103527049,203,7.28737294802708e-05,0.0,30,raw,7.28737294802708e-05
5,0.00011604474103527049,0.0003904965277975546,203,0.00021946551075692353,0.0,30,raw,0.00021946551075692353
6,0.0003904965277975546,0.003068209000414421,202,0.0011983993651938632,0.0,30,raw,0.0011983993651938632
7,0.003068209000414421,0.12531251384428968,202,0.03525470136785113,0.009900990099009901,30,raw,0.025353711268841228
8,0.12531251384428968,0.9718001110646644,203,0.6013623708567489,0.5270935960591133,30,raw,0.0742687747976356
9,0.9718001110646644,0.999999999999998,203,0.996287957791455,0.9901477832512315,30,raw,0.00614017454022342
0,2.5380628236631153e-18,1.0259257677616643e-06,203,2.2634700316975122e-07,0.0,30,platt,2.2634700316975122e-07
1,1.0259257677616643e-06,8.281416976737785e-06,202,3.5807188695159926e-06,0.0,30,platt,3.5807188695159926e-06
2,8.281416976737785e-06,3.8700597762059414e-05,203,2.246174734249433e-05,0.0,30,platt,2.246174734249433e-05
3,3.8700597762059414e-05,9.816849145779278e-05,202,6.561174243290497e-05,0.0,30,platt,6.561174243290497e-05
4,9.816849145779278e-05,0.00024010331220392263,203,0.00016006976777687863,0.0,30,platt,0.00016006976777687863
5,0.00024010331220392263,0.0006832004997664395,203,0.00041244230426333144,0.0,30,platt,0.00041244230426333144
6,0.0006832004997664395,0.00403426473323756,202,0.0017564989569192767,0.0,30,platt,0.0017564989569192767
7,0.00403426473323756,0.09988184256542353,202,0.03164669034814254,0.009900990099009901,30,platt,0.021745700249132638
8,0.09988184256542353,0.9260426551522367,203,0.5046838019857107,0.5270935960591133,30,platt,0.0224097940734026
9,0.9260426551522367,0.9999999999996332,203,0.9885065352358082,0.9901477832512315,30,platt,0.0016412480154233133
0,2.5380628236631153e-18,1.0259257677616643e-06,203,2.2634773001555363e-07,0.0,30,platt_monotone,2.2634773001555363e-07
1,1.0259257677616643e-06,8.407111876001965e-06,202,3.590584808785268e-06,0.0,30,platt_monotone,3.590584808785268e-06
2,8.407111876001965e-06,3.8700597762059414e-05,203,2.256026101605132e-05,0.0,30,platt_monotone,2.256026101605132e-05
3,3.8700597762059414e-05,9.849098375135745e-05,202,6.564947859307456e-05,0.0,30,platt_monotone,6.564947859307456e-05
4,9.849098375135745e-05,0.00024071555380157699,203,0.00016076910594663016,0.0,30,platt_monotone,0.00016076910594663016
5,0.00024071555380157699,0.0006849520949020228,203,0.0004146335257164579,0.0,30,platt_monotone,0.0004146335257164579
6,0.0006849520949020228,0.004152256501187055,202,0.0017732902604180223,0.0,30,platt_monotone,0.0017732902604180223
7,0.004152256501187055,0.10099949616699082,202,0.03212097275984439,0.009900990099009901,30,platt_monotone,0.02221998266083449
8,0.10099949616699082,0.9260426551522367,203,0.508482144906065,0.5270935960591133,30,platt_monotone,0.018611451153048297
9,0.9260426551522367,1.0,203,0.9891965314237068,0.9901477832512315,30,platt_monotone,0.0009512518275247572
