model,representation,cap,hparams,n_feat_in,n_feat_used,tune_PHM_mean_dev,tune_MAE_dev,tune_RMSE_dev,tune_R2_dev,tune_nearfail_MAE,diag_tune_PHM_mean_capped,diag_tune_MAE_capped
ridge,window,100,{'alpha': 0.1},121,121,3.089822645602356,11.202206683041785,13.914952411319671,0.7722048228125987,9.401033516452827,2.867073763998135,10.805544259044543
ridge,window,100,{'alpha': 1.0},121,121,3.0913079636980076,11.205053745112544,13.91796516952528,0.7721061712233896,9.398505964280146,2.862960318145819,10.804143727267027
ridge,window,100,{'alpha': 10.0},121,121,3.0971741203507817,11.216678260984082,13.928430147089445,0.7717633336913527,9.393696798672472,2.8376385685544006,10.790237668454177
ridge,baseline,100,{'alpha': 0.1},15,15,3.772733044219504,12.238726542434993,14.995965066132321,0.7354365079239282,12.36474936297735,3.1248705123161895,11.766304286515034
ridge,baseline,100,{'alpha': 1.0},15,15,3.772780430736537,12.238834069705698,14.996048479443864,0.7354335647084346,12.364988294622943,3.1248733736969423,11.766313093639868
ridge,baseline,100,{'alpha': 10.0},15,15,3.77325414747184,12.239906960445005,14.996882410091553,0.7354041387975137,12.367373137655354,3.124902973524853,11.766401463173864
gbr,window,100,"{'n_estimators': 150, 'learning_rate': 0.1, 'max_depth': 3}",121,121,3.8857465555288493,11.084391521988113,14.337355184257566,0.7581649956711091,5.467727962002732,2.3081187881765572,7.9968439798881805
gbr,window,100,"{'n_estimators': 150, 'learning_rate': 0.05, 'max_depth': 3}",121,121,3.977372984336066,11.123722133106265,14.399342950179173,0.7560693207095592,5.625950127944308,2.347961940553117,7.924367628780319
poly2,baseline,100,{'alpha': 0.1},15,135,4.160320401327575,11.830753680912391,15.014412588873263,0.7347851936600989,9.589295992595344,2.8080267388640126,10.251526959963053
poly2,baseline,100,{'alpha': 1.0},15,135,4.160322647121361,11.831070240869346,15.01456600189077,0.7347797738527833,9.589776069312268,2.8078956130418398,10.251245104907428
poly2,baseline,100,{'alpha': 10.0},15,135,4.160682603097491,11.83426291279127,15.01622640297636,0.734721111311242,9.594664174609797,2.8068888316086302,10.248826155325432
rf,window,100,"{'n_estimators': 100, 'min_samples_leaf': 5}",121,121,4.551350798408722,11.338012634751026,15.253137116821808,0.726284480112274,5.702328102980504,2.7933866090124857,8.13522064408695
rf,window,100,"{'n_estimators': 100, 'min_samples_leaf': 3}",121,121,4.58282291220959,11.377288709849088,15.264474938614912,0.7258774174687026,5.720484200454564,2.817408213778274,8.192140408208683
rf,baseline,100,"{'n_estimators': 100, 'min_samples_leaf': 5}",15,15,4.638247099833335,11.18126528684106,15.031299166371365,0.7341882886718158,6.45701311593879,2.682723815502723,7.883505747039324
gbr,baseline,100,"{'n_estimators': 150, 'learning_rate': 0.1, 'max_depth': 3}",15,15,4.641552338145266,11.158501515276035,15.032815745754451,0.7341346479461142,6.082461645864522,2.674098245693575,7.876919067110897
rf,baseline,100,"{'n_estimators': 100, 'min_samples_leaf': 3}",15,15,4.68104007618653,11.190825282767449,15.04299274252805,0.7337745521744099,6.388268517457926,2.714105529739149,7.923972146609711
gbr,baseline,100,"{'n_estimators': 150, 'learning_rate': 0.05, 'max_depth': 3}",15,15,4.695002647430853,11.364901155638258,15.212370334037658,0.7277456339059893,6.262200724242229,2.69978235533122,7.996464601746565
ridge,window,125,{'alpha': 0.1},121,121,7.325519749403159,15.003610179404808,18.461397798463487,0.5990315192081029,9.980921294758861,7.4019189327660895,14.431536760067077
ridge,window,125,{'alpha': 1.0},121,121,7.3287423870806485,15.005886940510015,18.46468033209905,0.5988889179216407,9.977522285023282,7.37092519812143,14.428834049130213
ridge,window,125,{'alpha': 10.0},121,121,7.333912247654171,15.011523171198627,18.473638760727873,0.5984996128683915,9.965534895821433,7.186847835668397,14.40909770347146
ridge,baseline,125,{'alpha': 0.1},15,15,9.048471212793407,16.501508008732582,19.83982603809706,0.5369191797388775,12.649292347313722,6.818669593540134,15.059917156614333
ridge,baseline,125,{'alpha': 1.0},15,15,9.04850131740675,16.501601792643633,19.839892122427262,0.536916094788763,12.649510797188636,6.818661568156522,15.059915366698299
ridge,baseline,125,{'alpha': 10.0},15,15,9.048804699534594,16.502539045897613,19.840553269984895,0.5368852305186962,12.651693584551332,6.81858484829487,15.059899111242354
poly2,baseline,125,{'alpha': 10.0},15,135,9.785702544027792,15.231222627421333,19.445033770671,0.5551654843028994,9.38581129902627,6.689406768036873,14.263037325742328
gbr,window,125,"{'n_estimators': 150, 'learning_rate': 0.05, 'max_depth': 3}",121,121,9.7890652399696,13.948815586587335,18.369635664327916,0.6030076300704139,5.713615743342882,5.829284497038787,11.57194245314693
poly2,baseline,125,{'alpha': 1.0},15,135,9.790229263246493,15.229218109984748,19.444926972655036,0.5551703706213089,9.382389176557728,6.694327735158011,14.266549921872521
poly2,baseline,125,{'alpha': 0.1},15,135,9.79082475206877,15.229109962549341,19.444979611513627,0.5551679622444933,9.382065475527513,6.6949399373574705,14.26701481096163
gbr,window,125,"{'n_estimators': 150, 'learning_rate': 0.1, 'max_depth': 3}",121,121,10.470146846768172,13.83869215945455,18.355003606076686,0.6036398148481317,5.784316116945582,6.275709729800254,11.613549746931852
rf,window,125,"{'n_estimators': 100, 'min_samples_leaf': 3}",121,121,11.241064803194087,13.776582861592495,18.913099383306324,0.5791702020202092,5.652888729749214,6.97943955181759,11.888411171905213
rf,window,125,"{'n_estimators': 100, 'min_samples_leaf': 5}",121,121,11.786112982934268,13.909355105271828,19.092450359571284,0.5711509873733016,5.706143651689102,7.222770785809382,11.851652516938962
gbr,baseline,125,"{'n_estimators': 150, 'learning_rate': 0.1, 'max_depth': 3}",15,15,12.661628517625578,15.16824680827326,20.104054262661574,0.5245023555340695,6.321096957613704,7.513986228153349,12.362158726760551
gbr,baseline,125,"{'n_estimators': 150, 'learning_rate': 0.05, 'max_depth': 3}",15,15,12.98562177070022,15.342999592233912,20.31802928221956,0.5143266895139631,6.32291667011123,7.666248391613286,12.481418142618116
rf,baseline,125,"{'n_estimators': 100, 'min_samples_leaf': 3}",15,15,13.297775989894836,14.975520402805875,20.019398491319777,0.5284984518185216,6.617421880716532,7.934115339393382,12.461635499359586
rf,baseline,125,"{'n_estimators': 100, 'min_samples_leaf': 5}",15,15,13.47436950482885,15.005071709543222,20.062545305551584,0.526463853956106,6.585074391293462,7.998868545299862,12.424807729438172
ridge,window,150,{'alpha': 10.0},121,121,16.85338977341287,18.735436501066363,23.14038367286942,0.37002663937929237,10.223661291234524,25.311929971913642,18.13114267824403
ridge,window,150,{'alpha': 0.1},121,121,16.864534649849475,18.727445684127588,23.12916795830053,0.3706371641843812,10.239493522916957,27.821653320921293,18.144804598653867
ridge,window,150,{'alpha': 1.0},121,121,16.87128855150829,18.729141332753173,23.1329241331865,0.3704327306449855,10.233025388783274,27.439662179425802,18.142582756177042
ridge,baseline,150,{'alpha': 10.0},15,15,21.140293212391725,20.71792584340323,24.93709311552188,0.2684016317032838,12.691768679029655,15.665411359761908,18.790092516440453
ridge,baseline,150,{'alpha': 1.0},15,15,21.141831446045522,20.716907166833302,24.936581959628143,0.26843162373029217,12.689840573349565,15.666445203754252,18.789691333709737
ridge,baseline,150,{'alpha': 0.1},15,15,21.141986730943206,20.716805193463852,24.936530903975104,0.26843461938246416,12.689647698590994,15.666549800871438,18.789651224522814
poly2,baseline,150,{'alpha': 10.0},15,135,21.65810870091959,18.201583128276916,23.59899759963849,0.3448086026967727,9.109615533599039,15.405352757209094,17.822286027848527
poly2,baseline,150,{'alpha': 1.0},15,135,21.67819358086614,18.201831971555862,23.600799913976715,0.344708521671102,9.111796494201585,15.423314619481612,17.827337091390984
poly2,baseline,150,{'alpha': 0.1},15,135,21.68049992369133,18.20195909858766,23.60108421811173,0.34469273379952636,9.112172797878147,15.42544958316809,17.82801416028917
gbr,window,150,"{'n_estimators': 150, 'learning_rate': 0.05, 'max_depth': 3}",121,121,25.35781794551986,16.459153174404168,22.299450444027908,0.4149817763462865,6.030739892749504,15.306812248665828,15.629647487680508
gbr,window,150,"{'n_estimators': 150, 'learning_rate': 0.1, 'max_depth': 3}",121,121,27.451094645663606,16.385946759006952,22.311744201364583,0.41433655375632217,6.240439385046922,16.623569459954002,15.652666384952319
rf,window,150,"{'n_estimators': 100, 'min_samples_leaf': 5}",121,121,32.640336512437734,15.778471819458279,22.65993702756976,0.39591441636067404,5.704137713878514,19.974831369173177,15.640218869088159
gbr,baseline,150,"{'n_estimators': 150, 'learning_rate': 0.05, 'max_depth': 3}",15,15,33.03112083387915,18.273834332053934,24.72210818172525,0.2809616082953805,6.515362038563562,20.090294132368207,17.043281400239685
gbr,baseline,150,"{'n_estimators': 150, 'learning_rate': 0.1, 'max_depth': 3}",15,15,33.64927250336155,18.18935081516164,24.655443395314744,0.2848342482122713,6.3941877413869745,20.435458049538752,16.943073267693663
rf,window,150,"{'n_estimators': 100, 'min_samples_leaf': 3}",121,121,34.011462486208515,15.750793639686771,22.64212813471938,0.39686356885994034,5.683986630708002,20.840337144769304,15.682295820155037
rf,baseline,150,"{'n_estimators': 100, 'min_samples_leaf': 5}",15,15,35.178446483688205,17.781158999147205,24.394839269623954,0.2998727258931918,6.503519363403535,21.605806739031056,16.995825024154893
rf,baseline,150,"{'n_estimators': 100, 'min_samples_leaf': 3}",15,15,35.345534051110675,17.767454694719955,24.387982446888163,0.30026624961208825,6.491644592502954,21.670625005813946,17.04866917656518
ridge,window,None,{'alpha': 10.0},121,121,83.6007389745515,25.259277060653215,31.51312810707378,-0.16832616834452163,11.54531092240473,1017.1348693821582,26.796037516072957
ridge,window,None,{'alpha': 1.0},121,121,84.36632725542229,25.27238841351052,31.517104649638313,-0.16862104176029735,11.626549915120377,1811.3127682007434,26.847256854874463
ridge,window,None,{'alpha': 0.1},121,121,84.47474682924528,25.26485875288643,31.51046162973322,-0.16812846131634074,11.64046963800171,2079.0446873828055,26.852341621560335
poly2,baseline,None,{'alpha': 10.0},15,135,112.59414396794845,23.21586615588615,30.734280987861826,-0.1112894445186412,9.702070423051067,109.03400843390388,26.6104658188137
poly2,baseline,None,{'alpha': 1.0},15,135,112.95493183064457,23.22665145029453,30.742203584437707,-0.11186244850237004,9.722957013845825,109.4998221164913,26.619774161910353
poly2,baseline,None,{'alpha': 0.1},15,135,112.99378881522962,23.227947429330875,30.74311950422116,-0.11192870217743933,9.725417429248251,109.55357690388743,26.6208888615888
ridge,baseline,None,{'alpha': 10.0},15,15,113.78622806796783,27.990912107601797,34.272910872313055,-0.3819204937194287,12.368941438741404,95.99208397629027,28.750005201733803
ridge,baseline,None,{'alpha': 1.0},15,15,113.81787095833924,27.989696439390485,34.272620663754374,-0.38189709077835676,12.367437435403144,96.01051370470022,28.749347082829015
ridge,baseline,None,{'alpha': 0.1},15,15,113.82105390529179,27.98957456824399,34.272591777429014,-0.3818947613438761,12.367286569418619,96.0123664125623,28.74928197995133
gbr,window,None,"{'n_estimators': 150, 'learning_rate': 0.05, 'max_depth': 3}",121,121,188.3840914749329,20.41319150895589,29.088782881247358,0.004520835867824369,6.8516867018750345,317.34220381675317,25.095743590155045
gbr,baseline,None,"{'n_estimators': 150, 'learning_rate': 0.05, 'max_depth': 3}",15,15,198.83001921819695,22.260765258391555,31.643398303615548,-0.17800547788383447,6.450677917337112,153.454112470698,26.51187807295896
rf,baseline,None,"{'n_estimators': 100, 'min_samples_leaf': 5}",15,15,265.6899601746718,21.602829931096718,31.540087942240124,-0.17032605576969528,6.447506817104548,214.51556651753714,26.501450568771265
rf,baseline,None,"{'n_estimators': 100, 'min_samples_leaf': 3}",15,15,288.356456814701,21.65976568680624,31.635442499321666,-0.17741320250339698,6.442483391861143,226.51881225266675,26.4939379480653
gbr,window,None,"{'n_estimators': 150, 'learning_rate': 0.1, 'max_depth': 3}",121,121,359.2996916071051,19.988860039746566,28.99049739565205,0.011236542061990318,6.266917647320247,2624.5236081055964,25.610677530940965
gbr,baseline,None,"{'n_estimators': 150, 'learning_rate': 0.1, 'max_depth': 3}",15,15,366.50774597391063,22.066926368266778,31.63530626847975,-0.17740306200060485,6.209913767604106,244.95425330019734,26.70714600437292
rf,window,None,"{'n_estimators': 100, 'min_samples_leaf': 3}",121,121,474.25874982094666,19.2404441627352,29.110299690926283,0.0030475904758321404,5.713675082892019,1090.4307615906318,25.029167119104528
rf,window,None,"{'n_estimators': 100, 'min_samples_leaf': 5}",121,121,602.7415813678621,19.323076902482136,29.312913767143744,-0.010878721788241563,5.688207160560592,1215.5373474145226,25.03396892569355
