draw_id,n_sampled_engines,n_unique_engines,mean_total_cost,miss_rate,mean_miss_component,mean_late_component,mean_early_component,mean_lead_time_if_alerted,median_lead_time_if_alerted,healthy_first_trigger_fraction
0,10,6,0.5566666666666666,0.0,0.0,0.0,0.5566666666666666,50.6,45.5,0.0
1,10,6,0.4800000000000001,0.0,0.0,0.13333333333333333,0.3466666666666666,39.6,39.5,0.0
2,10,8,0.5533333333333333,0.0,0.0,0.13333333333333333,0.41999999999999993,41.8,44.0,0.0
3,10,6,0.47333333333333333,0.0,0.0,0.0,0.47333333333333333,46.8,42.0,0.0
4,10,8,0.5433333333333332,0.0,0.0,0.13333333333333333,0.41,42.8,40.5,0.0
5,10,7,0.5133333333333333,0.0,0.0,0.0,0.5133333333333333,46.7,46.0,0.0
6,10,5,0.8,0.0,0.0,0.4,0.4,40.9,45.0,0.0
7,10,7,0.42666666666666664,0.0,0.0,0.0,0.42666666666666664,42.8,44.5,0.0
8,10,8,0.56,0.0,0.0,0.13333333333333333,0.42666666666666664,43.3,42.0,0.0
9,10,6,0.3633333333333333,0.0,0.0,0.0,0.3633333333333333,40.9,42.0,0.0
10,10,6,0.42333333333333334,0.0,0.0,0.0,0.42333333333333334,44.0,40.5,0.0
11,10,6,0.4533333333333333,0.0,0.0,0.0,0.4533333333333333,44.9,44.0,0.0
12,10,6,0.47333333333333333,0.0,0.0,0.0,0.47333333333333333,45.5,43.0,0.0
13,10,6,0.5566666666666666,0.0,0.0,0.0,0.5566666666666666,49.3,44.5,0.0
14,10,5,0.63,0.0,0.0,0.26666666666666666,0.36333333333333334,41.9,37.0,0.0
15,10,8,0.4533333333333333,0.0,0.0,0.13333333333333333,0.32,38.8,40.5,0.0
16,10,7,0.65,0.0,0.0,0.13333333333333333,0.5166666666666666,46.0,46.0,0.0
17,10,7,0.5566666666666666,0.0,0.0,0.13333333333333333,0.42333333333333334,43.2,41.5,0.0
18,10,6,0.5733333333333333,0.0,0.0,0.13333333333333333,0.43999999999999995,42.4,46.0,0.0
19,10,5,0.6633333333333332,0.0,0.0,0.26666666666666666,0.3966666666666666,41.6,42.0,0.0
20,10,6,0.5333333333333333,0.0,0.0,0.26666666666666666,0.26666666666666666,36.4,37.0,0.0
21,10,5,0.5433333333333332,0.0,0.0,0.13333333333333333,0.41,44.1,37.0,0.0
22,10,7,0.4133333333333334,0.0,0.0,0.0,0.4133333333333334,42.4,44.0,0.0
23,10,6,0.48666666666666664,0.0,0.0,0.0,0.48666666666666664,45.9,43.5,0.0
24,10,6,0.5733333333333334,0.0,0.0,0.0,0.5733333333333334,51.1,45.5,0.0
25,10,5,0.5033333333333333,0.0,0.0,0.0,0.5033333333333333,45.1,47.0,0.0
26,10,8,0.59,0.0,0.0,0.26666666666666666,0.32333333333333336,38.1,41.5,0.0
27,10,6,0.71,0.0,0.0,0.13333333333333333,0.5766666666666667,50.4,49.0,0.0
28,10,6,0.5733333333333333,0.0,0.0,0.13333333333333333,0.44000000000000006,42.4,45.5,0.0
29,10,7,0.5333333333333333,0.0,0.0,0.13333333333333333,0.39999999999999997,42.5,43.0,0.0
30,10,5,0.5366666666666666,0.0,0.0,0.0,0.5366666666666666,47.4,45.0,0.0
31,10,5,0.3633333333333333,0.0,0.0,0.13333333333333333,0.22999999999999998,36.1,37.0,0.0
32,10,7,0.62,0.0,0.0,0.26666666666666666,0.35333333333333333,40.3,41.5,0.0
33,10,6,0.6133333333333332,0.0,0.0,0.26666666666666666,0.3466666666666666,38.8,43.0,0.0
34,10,5,0.6333333333333332,0.0,0.0,0.4,0.2333333333333333,34.6,35.5,0.0
35,10,8,0.7033333333333334,0.0,0.0,0.26666666666666666,0.4366666666666667,44.1,43.0,0.0
36,10,8,0.4666666666666667,0.0,0.0,0.0,0.4666666666666667,45.3,43.0,0.0
37,10,7,0.43666666666666665,0.0,0.0,0.0,0.43666666666666665,44.4,43.5,0.0
38,10,5,0.7666666666666666,0.0,0.0,0.26666666666666666,0.5,47.3,44.5,0.0
39,10,7,0.4533333333333333,0.0,0.0,0.0,0.4533333333333333,44.9,44.5,0.0
40,10,7,0.8033333333333331,0.0,0.0,0.4,0.4033333333333333,41.0,44.5,0.0
41,10,6,0.5,0.0,0.0,0.13333333333333333,0.36666666666666664,41.5,41.5,0.0
42,10,8,0.5566666666666666,0.0,0.0,0.13333333333333333,0.42333333333333334,43.2,42.0,0.0
43,10,8,0.67,0.0,0.0,0.13333333333333333,0.5366666666666667,47.9,46.0,0.0
44,10,7,0.6166666666666666,0.0,0.0,0.26666666666666666,0.35,38.9,44.0,0.0
45,10,7,0.7066666666666667,0.0,0.0,0.26666666666666666,0.44000000000000006,42.9,44.0,0.0
46,10,6,0.6933333333333332,0.0,0.0,0.26666666666666666,0.42666666666666664,42.5,45.5,0.0
47,10,6,0.4699999999999999,0.0,0.0,0.0,0.4699999999999999,45.4,42.0,0.0
48,10,7,0.29666666666666663,0.0,0.0,0.0,0.29666666666666663,38.9,38.0,0.0
49,10,8,0.6,0.0,0.0,0.26666666666666666,0.33333333333333337,38.4,40.5,0.0
50,10,7,0.3966666666666666,0.0,0.0,0.13333333333333333,0.2633333333333333,37.1,35.5,0.0
51,10,7,0.6766666666666665,0.0,0.0,0.26666666666666666,0.41,42.0,42.0,0.0
52,10,4,0.76,0.0,0.0,0.4,0.36,38.4,45.0,0.0
53,10,5,0.5366666666666666,0.0,0.0,0.0,0.5366666666666666,47.4,47.0,0.0
54,10,7,0.5633333333333334,0.0,0.0,0.0,0.5633333333333334,49.5,45.5,0.0
55,10,5,0.4866666666666667,0.0,0.0,0.13333333333333333,0.3533333333333334,39.8,42.0,0.0
56,10,7,0.4033333333333333,0.0,0.0,0.0,0.4033333333333333,43.4,43.0,0.0
57,10,8,0.73,0.0,0.0,0.26666666666666666,0.4633333333333334,44.9,44.5,0.0
58,10,6,0.7033333333333334,0.0,0.0,0.13333333333333333,0.5700000000000001,50.2,44.5,0.0
59,10,7,0.5333333333333333,0.0,0.0,0.26666666666666666,0.26666666666666666,36.4,39.0,0.0
60,10,7,0.49000000000000005,0.0,0.0,0.13333333333333333,0.3566666666666667,39.9,42.0,0.0
61,10,8,0.4066666666666666,0.0,0.0,0.0,0.4066666666666666,43.5,40.5,0.0
62,10,6,0.48,0.0,0.0,0.0,0.48,44.4,45.0,0.0
63,10,7,0.44333333333333336,0.0,0.0,0.13333333333333333,0.31,38.5,38.0,0.0
64,10,7,0.6233333333333333,0.0,0.0,0.26666666666666666,0.3566666666666667,39.1,42.0,0.0
65,10,7,0.3933333333333333,0.0,0.0,0.0,0.3933333333333333,43.1,40.5,0.0
66,10,8,0.5399999999999999,0.0,0.0,0.13333333333333333,0.4066666666666666,42.7,43.0,0.0
67,10,5,0.6733333333333333,0.0,0.0,0.26666666666666666,0.4066666666666666,43.2,39.0,0.0
68,10,6,0.6399999999999999,0.0,0.0,0.26666666666666666,0.37333333333333335,39.6,43.0,0.0
69,10,5,0.8,0.0,0.0,0.4,0.4,43.5,37.0,0.0
70,10,5,0.5666666666666667,0.0,0.0,0.0,0.5666666666666667,48.3,47.0,0.0
71,10,6,0.44333333333333336,0.0,0.0,0.13333333333333333,0.30999999999999994,38.5,38.0,0.0
72,10,7,0.5833333333333333,0.0,0.0,0.13333333333333333,0.4499999999999999,44.0,44.5,0.0
73,10,7,0.4166666666666667,0.0,0.0,0.13333333333333333,0.2833333333333333,37.7,37.0,0.0
74,10,7,0.37666666666666665,0.0,0.0,0.0,0.37666666666666665,41.3,43.0,0.0
75,10,7,0.6866666666666666,0.0,0.0,0.26666666666666666,0.42000000000000004,42.3,44.5,0.0
76,10,7,0.6433333333333333,0.0,0.0,0.26666666666666666,0.37666666666666665,39.7,44.5,0.0
77,10,8,0.6266666666666667,0.0,0.0,0.26666666666666666,0.36,40.5,40.5,0.0
78,10,6,0.5700000000000001,0.0,0.0,0.0,0.5700000000000001,49.7,45.5,0.0
79,10,7,0.6066666666666667,0.0,0.0,0.13333333333333333,0.4733333333333333,44.7,47.0,0.0
80,10,6,0.6633333333333333,0.0,0.0,0.26666666666666666,0.39666666666666667,41.6,44.0,0.0
81,10,7,0.5599999999999999,0.0,0.0,0.13333333333333333,0.42666666666666664,44.6,40.5,0.0
82,10,4,0.5566666666666668,0.0,0.0,0.0,0.5566666666666668,50.6,42.0,0.0
83,10,7,0.5266666666666666,0.0,0.0,0.13333333333333333,0.3933333333333333,42.3,42.0,0.0
84,10,6,0.6966666666666665,0.0,0.0,0.13333333333333333,0.5633333333333334,51.3,44.5,0.0
85,10,5,0.5366666666666666,0.0,0.0,0.26666666666666666,0.26999999999999996,37.8,35.5,0.0
86,10,7,0.6599999999999999,0.0,0.0,0.26666666666666666,0.3933333333333333,41.5,42.0,0.0
87,10,6,0.4066666666666666,0.0,0.0,0.0,0.4066666666666666,42.2,44.0,0.0
88,10,6,0.5866666666666667,0.0,0.0,0.0,0.5866666666666667,51.5,47.0,0.0
89,10,5,0.6333333333333333,0.0,0.0,0.13333333333333333,0.5,48.1,41.5,0.0
90,10,7,0.6033333333333333,0.0,0.0,0.0,0.6033333333333333,52.0,48.0,0.0
91,10,8,0.48,0.0,0.0,0.13333333333333333,0.34666666666666657,39.6,41.5,0.0
92,10,7,0.5533333333333333,0.0,0.0,0.13333333333333333,0.41999999999999993,41.8,44.0,0.0
93,10,6,0.5333333333333332,0.0,0.0,0.13333333333333333,0.4,41.2,44.0,0.0
94,10,5,0.7333333333333333,0.0,0.0,0.4,0.3333333333333333,37.6,43.0,0.0
95,10,6,0.5866666666666667,0.0,0.0,0.13333333333333333,0.4533333333333333,44.1,42.0,0.0
96,10,9,0.6599999999999999,0.0,0.0,0.26666666666666666,0.3933333333333333,41.5,43.0,0.0
97,10,6,0.5033333333333333,0.0,0.0,0.0,0.5033333333333333,46.4,46.0,0.0
98,10,5,0.3333333333333333,0.0,0.0,0.0,0.3333333333333333,40.0,39.0,0.0
99,10,6,0.5700000000000001,0.0,0.0,0.13333333333333333,0.43666666666666665,42.3,44.0,0.0
100,10,5,0.4966666666666667,0.0,0.0,0.13333333333333333,0.3633333333333334,40.1,42.0,0.0
101,10,8,0.44333333333333336,0.0,0.0,0.0,0.44333333333333336,44.6,44.5,0.0
102,10,5,0.6233333333333333,0.0,0.0,0.0,0.6233333333333333,53.9,44.5,0.0
103,10,7,0.6533333333333333,0.0,0.0,0.13333333333333333,0.5199999999999999,47.4,46.0,0.0
104,10,7,0.38,0.0,0.0,0.0,0.38,41.4,40.5,0.0
105,10,6,0.71,0.0,0.0,0.26666666666666666,0.44333333333333336,43.0,44.5,0.0
106,10,6,0.52,0.0,0.0,0.13333333333333333,0.3866666666666666,42.1,39.0,0.0
107,10,7,0.41,0.0,0.0,0.0,0.41,42.3,43.0,0.0
108,10,6,0.7533333333333333,0.0,0.0,0.5333333333333333,0.22000000000000003,33.4,35.5,0.0
109,10,6,0.5766666666666665,0.0,0.0,0.0,0.5766666666666665,49.9,45.0,0.0
110,10,6,0.7966666666666666,0.0,0.0,0.4,0.39666666666666667,40.8,46.0,0.0
111,10,7,0.4866666666666667,0.0,0.0,0.13333333333333333,0.35333333333333333,39.8,41.5,0.0
112,10,5,0.43999999999999995,0.0,0.0,0.0,0.43999999999999995,45.8,42.0,0.0
113,10,6,0.4133333333333333,0.0,0.0,0.0,0.4133333333333333,43.7,39.0,0.0
114,10,7,0.5166666666666667,0.0,0.0,0.13333333333333333,0.3833333333333333,40.7,42.0,0.0
115,10,6,0.5866666666666667,0.0,0.0,0.13333333333333333,0.4533333333333333,42.8,45.0,0.0
116,10,7,0.7166666666666666,0.0,0.0,0.26666666666666666,0.45,43.2,44.0,0.0
117,10,5,0.5299999999999999,0.0,0.0,0.0,0.5299999999999999,48.5,45.0,0.0
118,10,7,0.6199999999999999,0.0,0.0,0.13333333333333333,0.4866666666666667,45.1,44.5,0.0
119,10,8,0.4533333333333333,0.0,0.0,0.13333333333333333,0.31999999999999995,38.8,39.0,0.0
120,10,7,0.6333333333333332,0.0,0.0,0.4,0.2333333333333333,34.6,37.0,0.0
121,10,7,0.4866666666666667,0.0,0.0,0.0,0.4866666666666667,45.9,43.0,0.0
122,10,6,0.6899999999999998,0.0,0.0,0.4,0.2899999999999999,36.3,39.0,0.0
123,10,8,0.5633333333333332,0.0,0.0,0.13333333333333333,0.43,44.7,40.5,0.0
124,10,6,0.7266666666666667,0.0,0.0,0.4,0.32666666666666666,37.4,42.0,0.0
125,10,7,0.4633333333333334,0.0,0.0,0.0,0.4633333333333334,46.5,43.0,0.0
126,10,6,0.7333333333333333,0.0,0.0,0.26666666666666666,0.4666666666666666,46.3,43.5,0.0
127,10,7,0.51,0.0,0.0,0.13333333333333333,0.37666666666666665,41.8,39.0,0.0
128,10,8,0.5133333333333333,0.0,0.0,0.13333333333333333,0.38,41.9,40.5,0.0
129,10,7,0.5733333333333334,0.0,0.0,0.13333333333333333,0.44000000000000006,45.0,43.0,0.0
130,10,5,0.3333333333333333,0.0,0.0,0.0,0.3333333333333333,40.0,39.0,0.0
131,10,7,0.4833333333333333,0.0,0.0,0.13333333333333333,0.35,39.7,43.0,0.0
132,10,7,0.45666666666666667,0.0,0.0,0.0,0.45666666666666667,45.0,43.0,0.0
133,10,7,0.49333333333333335,0.0,0.0,0.13333333333333333,0.36,40.0,40.5,0.0
134,10,5,0.53,0.0,0.0,0.13333333333333333,0.39666666666666667,41.1,44.0,0.0
135,10,6,0.63,0.0,0.0,0.13333333333333333,0.4966666666666667,45.4,46.0,0.0
136,10,7,0.6799999999999999,0.0,0.0,0.13333333333333333,0.5466666666666666,49.5,45.0,0.0
137,10,6,0.64,0.0,0.0,0.26666666666666666,0.37333333333333335,39.6,43.0,0.0
138,10,5,0.5566666666666666,0.0,0.0,0.26666666666666666,0.29,37.1,42.0,0.0
139,10,7,0.4733333333333333,0.0,0.0,0.13333333333333333,0.33999999999999997,40.7,39.0,0.0
140,10,5,0.4133333333333333,0.0,0.0,0.0,0.4133333333333333,43.7,43.5,0.0
141,10,7,0.44333333333333336,0.0,0.0,0.0,0.44333333333333336,44.6,43.0,0.0
142,10,6,0.5833333333333333,0.0,0.0,0.4,0.18333333333333332,33.1,34.5,0.0
143,10,6,0.6066666666666667,0.0,0.0,0.13333333333333333,0.47333333333333333,43.4,46.0,0.0
144,10,6,0.77,0.0,0.0,0.4,0.37,40.0,40.5,0.0
145,10,5,0.61,0.0,0.0,0.13333333333333333,0.4766666666666667,47.4,44.0,0.0
146,10,6,0.5733333333333334,0.0,0.0,0.0,0.5733333333333334,51.1,45.0,0.0
147,10,6,0.5066666666666666,0.0,0.0,0.13333333333333333,0.3733333333333333,40.4,43.5,0.0
148,10,6,0.5833333333333333,0.0,0.0,0.0,0.5833333333333333,50.1,47.0,0.0
149,10,7,0.5200000000000001,0.0,0.0,0.0,0.5200000000000001,46.9,47.0,0.0
150,10,7,0.43,0.0,0.0,0.13333333333333333,0.29666666666666663,38.1,40.5,0.0
151,10,6,0.5599999999999999,0.0,0.0,0.13333333333333333,0.42666666666666664,43.3,45.0,0.0
152,10,7,0.6466666666666666,0.0,0.0,0.13333333333333333,0.5133333333333333,47.2,46.0,0.0
153,10,6,0.6966666666666667,0.0,0.0,0.13333333333333333,0.5633333333333332,50.0,47.0,0.0
154,10,6,0.5033333333333333,0.0,0.0,0.0,0.5033333333333333,47.7,44.0,0.0
155,10,8,0.48,0.0,0.0,0.13333333333333333,0.3466666666666666,39.6,42.0,0.0
156,10,5,0.6933333333333332,0.0,0.0,0.5333333333333333,0.15999999999999998,31.6,32.0,0.0
157,10,7,0.4766666666666667,0.0,0.0,0.0,0.4766666666666667,45.6,44.5,0.0
158,10,7,0.4833333333333334,0.0,0.0,0.0,0.4833333333333334,47.1,43.0,0.0
159,10,6,0.41999999999999993,0.0,0.0,0.0,0.41999999999999993,43.9,40.5,0.0
160,10,6,0.42666666666666664,0.0,0.0,0.0,0.42666666666666664,42.8,44.5,0.0
161,10,6,0.5566666666666666,0.0,0.0,0.13333333333333333,0.42333333333333334,43.2,41.5,0.0
162,10,6,0.72,0.0,0.0,0.26666666666666666,0.4533333333333333,44.6,44.0,0.0
163,10,7,0.48666666666666664,0.0,0.0,0.0,0.48666666666666664,45.9,44.0,0.0
164,10,10,0.55,0.0,0.0,0.13333333333333333,0.4166666666666667,43.0,43.0,0.0
165,10,5,0.49333333333333335,0.0,0.0,0.0,0.49333333333333335,47.4,43.0,0.0
166,10,5,0.38333333333333336,0.0,0.0,0.0,0.38333333333333336,41.5,41.5,0.0
167,10,6,0.5566666666666666,0.0,0.0,0.26666666666666666,0.29,37.1,37.0,0.0
168,10,6,0.8133333333333332,0.0,0.0,0.26666666666666666,0.5466666666666666,48.7,47.0,0.0
169,10,7,0.5333333333333333,0.0,0.0,0.13333333333333333,0.4,41.2,43.5,0.0
170,10,5,0.6033333333333333,0.0,0.0,0.4,0.2033333333333333,33.7,32.0,0.0
171,10,6,0.43666666666666665,0.0,0.0,0.0,0.43666666666666665,43.1,43.0,0.0
172,10,7,0.5466666666666666,0.0,0.0,0.13333333333333333,0.4133333333333333,42.9,41.5,0.0
173,10,7,0.5433333333333333,0.0,0.0,0.13333333333333333,0.41,44.1,40.5,0.0
174,10,7,0.6366666666666667,0.0,0.0,0.26666666666666666,0.37,40.8,39.5,0.0
175,10,5,0.5066666666666666,0.0,0.0,0.13333333333333333,0.3733333333333334,40.4,43.0,0.0
176,10,7,0.6900000000000001,0.0,0.0,0.13333333333333333,0.5566666666666666,48.5,46.0,0.0
177,10,4,0.4666666666666667,0.0,0.0,0.0,0.4666666666666667,44.0,45.0,0.0
178,10,7,0.6566666666666665,0.0,0.0,0.13333333333333333,0.5233333333333333,48.8,46.0,0.0
179,10,7,0.5133333333333333,0.0,0.0,0.13333333333333333,0.38,40.6,44.0,0.0
180,10,5,0.7866666666666666,0.0,0.0,0.13333333333333333,0.6533333333333333,54.0,49.0,0.0
181,10,5,0.30333333333333323,0.0,0.0,0.0,0.30333333333333323,39.1,39.0,0.0
182,10,6,0.6733333333333332,0.0,0.0,0.4,0.2733333333333333,35.8,38.0,0.0
183,10,7,0.6866666666666666,0.0,0.0,0.26666666666666666,0.42000000000000004,42.3,44.5,0.0
184,10,7,0.51,0.0,0.0,0.0,0.51,46.6,44.0,0.0
185,10,8,0.49000000000000005,0.0,0.0,0.0,0.49000000000000005,46.0,44.5,0.0
186,10,7,0.42666666666666664,0.0,0.0,0.0,0.42666666666666664,44.1,42.0,0.0
187,10,8,0.5166666666666667,0.0,0.0,0.13333333333333333,0.3833333333333333,42.0,40.5,0.0
188,10,7,0.4966666666666667,0.0,0.0,0.0,0.4966666666666667,46.2,46.0,0.0
189,10,6,0.38333333333333336,0.0,0.0,0.0,0.38333333333333336,41.5,42.0,0.0
190,10,7,0.4766666666666667,0.0,0.0,0.13333333333333333,0.3433333333333334,40.8,40.5,0.0
191,10,7,0.54,0.0,0.0,0.0,0.54,48.8,44.5,0.0
192,10,6,0.6033333333333333,0.0,0.0,0.13333333333333333,0.4699999999999999,43.3,45.0,0.0
193,10,8,0.6866666666666666,0.0,0.0,0.26666666666666666,0.41999999999999993,42.3,44.5,0.0
194,10,6,0.65,0.0,0.0,0.13333333333333333,0.5166666666666666,47.3,46.0,0.0
195,10,6,0.7033333333333333,0.0,0.0,0.26666666666666666,0.43666666666666665,42.8,44.0,0.0
196,10,6,0.5433333333333333,0.0,0.0,0.13333333333333333,0.41,41.5,42.0,0.0
197,10,7,0.7066666666666667,0.0,0.0,0.26666666666666666,0.44000000000000006,44.2,43.0,0.0
198,10,6,0.42333333333333334,0.0,0.0,0.13333333333333333,0.29,39.2,38.0,0.0
199,10,7,0.46333333333333326,0.0,0.0,0.13333333333333333,0.32999999999999996,40.4,38.0,0.0
200,10,7,0.5066666666666666,0.0,0.0,0.0,0.5066666666666666,46.5,46.0,0.0
201,10,6,0.5566666666666666,0.0,0.0,0.13333333333333333,0.42333333333333323,41.9,45.0,0.0
202,10,6,0.58,0.0,0.0,0.13333333333333333,0.44666666666666666,43.9,44.0,0.0
203,10,7,0.75,0.0,0.0,0.26666666666666666,0.4833333333333332,45.5,44.0,0.0
204,10,7,0.3966666666666666,0.0,0.0,0.13333333333333333,0.2633333333333333,37.1,37.0,0.0
205,10,5,0.5233333333333332,0.0,0.0,0.13333333333333333,0.39,40.9,45.0,0.0
206,10,7,0.5299999999999999,0.0,0.0,0.13333333333333333,0.3966666666666666,41.1,44.0,0.0
207,10,5,0.4833333333333333,0.0,0.0,0.0,0.4833333333333333,44.5,47.0,0.0
208,10,6,0.51,0.0,0.0,0.0,0.51,47.9,43.5,0.0
209,10,6,0.47000000000000003,0.0,0.0,0.13333333333333333,0.3366666666666666,39.3,42.0,0.0
210,10,6,0.41666666666666663,0.0,0.0,0.13333333333333333,0.2833333333333333,37.7,38.0,0.0
211,10,5,0.5833333333333333,0.0,0.0,0.4,0.18333333333333335,33.1,34.5,0.0
212,10,7,0.49333333333333335,0.0,0.0,0.13333333333333333,0.36,41.3,39.0,0.0
213,10,7,0.6033333333333333,0.0,0.0,0.13333333333333333,0.4700000000000001,44.6,44.0,0.0
214,10,7,0.6100000000000001,0.0,0.0,0.26666666666666666,0.3433333333333333,38.7,42.0,0.0
215,10,6,0.45666666666666667,0.0,0.0,0.0,0.45666666666666667,43.7,44.5,0.0
216,10,5,0.8666666666666666,0.0,0.0,0.6666666666666666,0.2,32.0,27.0,0.0
217,10,7,0.5233333333333332,0.0,0.0,0.13333333333333333,0.39,42.2,38.0,0.0
218,10,5,0.3,0.0,0.0,0.0,0.3,39.0,39.0,0.0
219,10,7,0.3466666666666667,0.0,0.0,0.0,0.3466666666666667,40.4,42.0,0.0
220,10,7,0.5466666666666666,0.0,0.0,0.0,0.5466666666666666,49.0,46.0,0.0
221,10,7,0.5066666666666666,0.0,0.0,0.13333333333333333,0.37333333333333324,40.4,42.0,0.0
222,10,7,0.76,0.0,0.0,0.4,0.36,39.7,40.5,0.0
223,10,9,0.5066666666666666,0.0,0.0,0.13333333333333333,0.3733333333333333,41.7,40.5,0.0
224,10,7,0.44333333333333336,0.0,0.0,0.0,0.44333333333333336,43.3,45.5,0.0
225,10,6,0.4699999999999999,0.0,0.0,0.13333333333333333,0.3366666666666666,40.6,39.0,0.0
226,10,6,0.78,0.0,0.0,0.26666666666666666,0.5133333333333333,47.7,45.5,0.0
227,10,6,0.4766666666666667,0.0,0.0,0.0,0.4766666666666667,45.6,45.0,0.0
228,10,6,0.5866666666666667,0.0,0.0,0.26666666666666666,0.31999999999999995,38.0,40.5,0.0
229,10,6,0.35999999999999993,0.0,0.0,0.0,0.35999999999999993,40.8,42.0,0.0
230,10,7,0.5866666666666667,0.0,0.0,0.13333333333333333,0.4533333333333333,44.1,44.5,0.0
231,10,6,0.5866666666666667,0.0,0.0,0.0,0.5866666666666667,52.8,46.5,0.0
232,10,6,0.6066666666666667,0.0,0.0,0.0,0.6066666666666667,52.1,46.0,0.0
233,10,5,0.5833333333333333,0.0,0.0,0.0,0.5833333333333333,51.4,44.0,0.0
234,10,5,0.3633333333333333,0.0,0.0,0.0,0.3633333333333333,40.9,44.0,0.0
235,10,6,0.3633333333333333,0.0,0.0,0.0,0.3633333333333333,40.9,41.5,0.0
236,10,6,0.5866666666666666,0.0,0.0,0.13333333333333333,0.4533333333333333,44.1,46.0,0.0
237,10,6,0.7133333333333333,0.0,0.0,0.26666666666666666,0.4466666666666666,44.4,42.0,0.0
238,10,5,0.8399999999999999,0.0,0.0,0.5333333333333333,0.30666666666666664,36.0,42.0,0.0
239,10,6,0.41999999999999993,0.0,0.0,0.13333333333333333,0.2866666666666666,37.8,38.0,0.0
240,10,6,0.5433333333333333,0.0,0.0,0.0,0.5433333333333333,48.9,44.5,0.0
241,10,7,0.5299999999999999,0.0,0.0,0.13333333333333333,0.3966666666666666,42.4,41.5,0.0
242,10,6,0.36,0.0,0.0,0.0,0.36,40.8,43.0,0.0
243,10,7,0.52,0.0,0.0,0.0,0.52,46.9,44.5,0.0
244,10,8,0.47666666666666657,0.0,0.0,0.0,0.47666666666666657,46.9,43.0,0.0
245,10,4,0.6833333333333333,0.0,0.0,0.13333333333333333,0.55,48.3,45.5,0.0
246,10,7,0.47333333333333333,0.0,0.0,0.0,0.47333333333333333,45.5,45.0,0.0
247,10,6,0.59,0.0,0.0,0.0,0.59,50.3,47.0,0.0
248,10,7,0.48,0.0,0.0,0.0,0.48,45.7,45.0,0.0
249,10,7,0.6033333333333333,0.0,0.0,0.26666666666666666,0.33666666666666667,39.8,40.5,0.0
250,10,5,0.5799999999999998,0.0,0.0,0.0,0.5799999999999998,50.0,47.0,0.0
251,10,6,0.6166666666666666,0.0,0.0,0.26666666666666666,0.35,38.9,42.0,0.0
252,10,6,0.7266666666666667,0.0,0.0,0.13333333333333333,0.5933333333333334,50.9,49.0,0.0
253,10,6,0.76,0.0,0.0,0.4,0.36,38.4,43.0,0.0
254,10,8,0.6033333333333333,0.0,0.0,0.26666666666666666,0.3366666666666667,38.5,43.0,0.0
255,10,9,0.5433333333333333,0.0,0.0,0.13333333333333333,0.41,42.8,43.0,0.0
256,10,6,0.57,0.0,0.0,0.13333333333333333,0.43666666666666665,42.3,44.5,0.0
257,10,7,0.5700000000000001,0.0,0.0,0.26666666666666666,0.30333333333333334,37.5,39.5,0.0
258,10,6,0.53,0.0,0.0,0.13333333333333333,0.39666666666666667,41.1,45.0,0.0
259,10,6,0.6566666666666666,0.0,0.0,0.13333333333333333,0.5233333333333333,47.5,45.0,0.0
260,10,4,0.3033333333333333,0.0,0.0,0.0,0.3033333333333333,39.1,39.5,0.0
261,10,5,0.8533333333333333,0.0,0.0,0.5333333333333333,0.31999999999999995,37.7,39.0,0.0
262,10,7,0.8233333333333333,0.0,0.0,0.4,0.42333333333333334,42.9,43.0,0.0
263,10,8,0.7133333333333333,0.0,0.0,0.26666666666666666,0.44666666666666666,44.4,43.0,0.0
264,10,7,0.5566666666666666,0.0,0.0,0.13333333333333333,0.42333333333333323,43.2,44.5,0.0
265,10,8,0.5433333333333332,0.0,0.0,0.13333333333333333,0.41,42.8,42.0,0.0
266,10,7,0.6333333333333333,0.0,0.0,0.26666666666666666,0.3666666666666666,40.7,40.5,0.0
267,10,6,0.61,0.0,0.0,0.26666666666666666,0.3433333333333334,38.7,42.0,0.0
268,10,8,0.53,0.0,0.0,0.13333333333333333,0.3966666666666666,41.1,44.0,0.0
269,10,6,0.6666666666666666,0.0,0.0,0.26666666666666666,0.3999999999999999,40.4,46.0,0.0
270,10,5,0.3533333333333333,0.0,0.0,0.0,0.3533333333333333,41.9,39.5,0.0
271,10,6,0.6866666666666666,0.0,0.0,0.13333333333333333,0.5533333333333333,48.4,45.5,0.0
272,10,7,0.4866666666666667,0.0,0.0,0.0,0.4866666666666667,45.9,44.5,0.0
273,10,6,0.6566666666666666,0.0,0.0,0.26666666666666666,0.39,40.1,44.5,0.0
274,10,7,0.7,0.0,0.0,0.26666666666666666,0.4333333333333333,42.7,45.5,0.0
275,10,8,0.54,0.0,0.0,0.13333333333333333,0.4066666666666666,42.7,42.0,0.0
276,10,7,0.7033333333333333,0.0,0.0,0.26666666666666666,0.4366666666666667,42.8,45.0,0.0
277,10,7,0.5866666666666667,0.0,0.0,0.13333333333333333,0.4533333333333333,45.4,44.0,0.0
278,10,7,0.6833333333333333,0.0,0.0,0.26666666666666666,0.4166666666666667,43.5,42.0,0.0
279,10,7,0.6533333333333332,0.0,0.0,0.26666666666666666,0.38666666666666666,41.3,43.0,0.0
280,10,7,0.6466666666666666,0.0,0.0,0.26666666666666666,0.38,41.1,41.0,0.0
281,10,8,0.5499999999999999,0.0,0.0,0.13333333333333333,0.41666666666666663,43.0,43.0,0.0
282,10,6,0.6166666666666666,0.0,0.0,0.26666666666666666,0.35,38.9,42.0,0.0
283,10,6,0.6633333333333333,0.0,0.0,0.4,0.2633333333333333,35.5,39.5,0.0
284,10,5,0.4466666666666666,0.0,0.0,0.0,0.4466666666666666,43.4,45.0,0.0
285,10,6,0.5433333333333333,0.0,0.0,0.0,0.5433333333333333,48.9,46.0,0.0
286,10,7,0.6133333333333333,0.0,0.0,0.13333333333333333,0.48,46.2,43.5,0.0
287,10,6,0.62,0.0,0.0,0.4,0.21999999999999997,34.2,35.5,0.0
288,10,6,0.7066666666666666,0.0,0.0,0.13333333333333333,0.5733333333333333,50.3,47.0,0.0
289,10,7,0.4299999999999999,0.0,0.0,0.13333333333333333,0.29666666666666663,38.1,39.0,0.0
290,10,6,0.4966666666666666,0.0,0.0,0.13333333333333333,0.3633333333333333,40.1,42.0,0.0
291,10,8,0.6066666666666667,0.0,0.0,0.13333333333333333,0.47333333333333333,44.7,46.0,0.0
292,10,6,0.46333333333333326,0.0,0.0,0.0,0.46333333333333326,43.9,45.0,0.0
293,10,7,0.48999999999999994,0.0,0.0,0.13333333333333333,0.35666666666666663,39.9,40.5,0.0
294,10,6,0.5366666666666667,0.0,0.0,0.13333333333333333,0.4033333333333333,41.3,44.0,0.0
295,10,5,0.7566666666666666,0.0,0.0,0.26666666666666666,0.49000000000000005,45.7,46.5,0.0
296,10,7,0.5666666666666667,0.0,0.0,0.26666666666666666,0.29999999999999993,38.7,37.0,0.0
297,10,7,0.6466666666666665,0.0,0.0,0.13333333333333333,0.5133333333333333,47.2,46.5,0.0
298,10,6,0.5,0.0,0.0,0.13333333333333333,0.36666666666666664,41.5,38.0,0.0
299,10,6,0.43666666666666665,0.0,0.0,0.0,0.43666666666666665,43.1,43.5,0.0
300,10,7,0.5733333333333334,0.0,0.0,0.26666666666666666,0.30666666666666664,37.6,39.0,0.0
301,10,6,0.47000000000000003,0.0,0.0,0.0,0.47000000000000003,45.4,44.0,0.0
302,10,6,0.42000000000000004,0.0,0.0,0.0,0.42000000000000004,42.6,45.0,0.0
303,10,7,0.5266666666666666,0.0,0.0,0.13333333333333333,0.39333333333333326,42.3,43.0,0.0
304,10,6,0.37666666666666665,0.0,0.0,0.0,0.37666666666666665,41.3,43.0,0.0
305,10,6,0.41,0.0,0.0,0.0,0.41,42.3,43.5,0.0
306,10,7,0.4533333333333333,0.0,0.0,0.0,0.4533333333333333,44.9,44.5,0.0
307,10,6,0.39333333333333326,0.0,0.0,0.0,0.39333333333333326,41.8,43.0,0.0
308,10,5,0.39999999999999997,0.0,0.0,0.0,0.39999999999999997,42.0,45.0,0.0
309,10,5,0.45666666666666667,0.0,0.0,0.13333333333333333,0.32333333333333325,38.9,41.0,0.0
310,10,8,0.5733333333333334,0.0,0.0,0.13333333333333333,0.44000000000000006,43.7,45.0,0.0
311,10,8,0.6166666666666667,0.0,0.0,0.13333333333333333,0.4833333333333334,46.3,43.0,0.0
312,10,6,0.6033333333333333,0.0,0.0,0.26666666666666666,0.33666666666666667,38.5,40.5,0.0
313,10,5,0.5966666666666667,0.0,0.0,0.0,0.5966666666666667,50.5,49.0,0.0
314,10,7,0.5666666666666667,0.0,0.0,0.13333333333333333,0.4333333333333333,42.2,44.0,0.0
315,10,7,0.4766666666666667,0.0,0.0,0.13333333333333333,0.3433333333333333,40.8,38.0,0.0
316,10,7,0.42333333333333334,0.0,0.0,0.0,0.42333333333333334,42.7,43.5,0.0
317,10,7,0.5566666666666666,0.0,0.0,0.26666666666666666,0.2899999999999999,37.1,39.0,0.0
318,10,8,0.5766666666666668,0.0,0.0,0.13333333333333333,0.44333333333333336,45.1,40.5,0.0
319,10,7,0.4833333333333333,0.0,0.0,0.13333333333333333,0.35,41.0,39.0,0.0
320,10,7,0.6266666666666666,0.0,0.0,0.4,0.22666666666666663,34.4,34.5,0.0
321,10,6,0.7366666666666667,0.0,0.0,0.4,0.33666666666666667,39.0,38.0,0.0
322,10,6,0.29666666666666663,0.0,0.0,0.0,0.29666666666666663,38.9,38.0,0.0
323,10,7,0.5933333333333334,0.0,0.0,0.13333333333333333,0.45999999999999996,45.6,43.0,0.0
324,10,7,0.39333333333333337,0.0,0.0,0.0,0.39333333333333337,43.1,42.0,0.0
325,10,6,0.4666666666666666,0.0,0.0,0.0,0.4666666666666666,44.0,46.0,0.0
326,10,7,0.51,0.0,0.0,0.13333333333333333,0.37666666666666665,40.5,40.5,0.0
327,10,7,0.6166666666666666,0.0,0.0,0.26666666666666666,0.35,40.2,38.0,0.0
328,10,6,0.6599999999999999,0.0,0.0,0.13333333333333333,0.5266666666666666,47.6,47.0,0.0
329,10,7,0.44666666666666666,0.0,0.0,0.13333333333333333,0.31333333333333335,38.6,39.5,0.0
330,10,5,0.4333333333333333,0.0,0.0,0.13333333333333333,0.3,39.5,35.5,0.0
331,10,8,0.5399999999999999,0.0,0.0,0.13333333333333333,0.4066666666666666,42.7,43.0,0.0
332,10,8,0.5433333333333332,0.0,0.0,0.13333333333333333,0.41,42.8,42.0,0.0
333,10,5,0.45,0.0,0.0,0.0,0.45,46.1,42.0,0.0
334,10,6,0.46333333333333326,0.0,0.0,0.0,0.46333333333333326,45.2,44.0,0.0
335,10,7,0.71,0.0,0.0,0.26666666666666666,0.44333333333333336,43.0,45.5,0.0
336,10,8,0.5333333333333332,0.0,0.0,0.13333333333333333,0.4,42.5,40.5,0.0
337,10,6,0.4966666666666667,0.0,0.0,0.13333333333333333,0.36333333333333334,40.1,44.0,0.0
338,10,5,0.44333333333333325,0.0,0.0,0.26666666666666666,0.17666666666666667,33.7,37.0,0.0
339,10,8,0.5266666666666666,0.0,0.0,0.13333333333333333,0.3933333333333333,42.3,40.5,0.0
340,10,6,0.6366666666666667,0.0,0.0,0.26666666666666666,0.37,39.5,43.5,0.0
341,10,7,0.6266666666666666,0.0,0.0,0.13333333333333333,0.4933333333333333,47.9,43.0,0.0
342,10,7,0.48999999999999994,0.0,0.0,0.13333333333333333,0.35666666666666663,39.9,40.5,0.0
343,10,6,0.33333333333333326,0.0,0.0,0.13333333333333333,0.19999999999999996,35.2,34.5,0.0
344,10,8,0.65,0.0,0.0,0.26666666666666666,0.3833333333333333,41.2,41.5,0.0
345,10,5,0.5700000000000001,0.0,0.0,0.0,0.5700000000000001,49.7,45.0,0.0
346,10,8,0.55,0.0,0.0,0.13333333333333333,0.4166666666666667,43.0,43.0,0.0
347,10,5,0.2866666666666666,0.0,0.0,0.0,0.2866666666666666,38.6,37.0,0.0
348,10,6,0.4933333333333333,0.0,0.0,0.13333333333333333,0.36,41.3,37.0,0.0
349,10,7,0.5799999999999998,0.0,0.0,0.13333333333333333,0.44666666666666666,42.6,46.0,0.0
350,10,5,0.5566666666666666,0.0,0.0,0.0,0.5566666666666666,50.6,43.5,0.0
351,10,5,0.7866666666666665,0.0,0.0,0.5333333333333333,0.2533333333333333,34.4,35.5,0.0
352,10,5,0.4699999999999999,0.0,0.0,0.0,0.4699999999999999,45.4,46.0,0.0
353,10,6,0.8266666666666665,0.0,0.0,0.13333333333333333,0.6933333333333334,56.5,60.0,0.0
354,10,7,0.5066666666666666,0.0,0.0,0.0,0.5066666666666666,47.8,43.0,0.0
355,10,6,0.5866666666666667,0.0,0.0,0.13333333333333333,0.4533333333333333,42.8,46.0,0.0
356,10,5,0.42333333333333323,0.0,0.0,0.0,0.42333333333333323,44.0,42.0,0.0
357,10,6,0.5166666666666667,0.0,0.0,0.13333333333333333,0.38333333333333336,42.0,40.5,0.0
358,10,7,0.4066666666666666,0.0,0.0,0.13333333333333333,0.2733333333333333,37.4,38.0,0.0
359,10,6,0.38999999999999996,0.0,0.0,0.13333333333333333,0.25666666666666665,36.9,35.5,0.0
360,10,5,0.51,0.0,0.0,0.13333333333333333,0.37666666666666665,40.5,39.0,0.0
361,10,5,0.6199999999999999,0.0,0.0,0.0,0.6199999999999999,52.5,49.0,0.0
362,10,6,0.42666666666666664,0.0,0.0,0.13333333333333333,0.29333333333333333,38.0,39.5,0.0
363,10,6,0.67,0.0,0.0,0.13333333333333333,0.5366666666666666,47.9,46.5,0.0
364,10,5,0.75,0.0,0.0,0.5333333333333333,0.21666666666666665,33.3,37.0,0.0
365,10,7,0.6533333333333333,0.0,0.0,0.13333333333333333,0.5199999999999999,46.1,46.0,0.0
366,10,5,0.6599999999999999,0.0,0.0,0.26666666666666666,0.3933333333333333,40.2,44.0,0.0
367,10,7,0.5399999999999999,0.0,0.0,0.0,0.5399999999999999,48.8,44.5,0.0
368,10,6,0.7466666666666666,0.0,0.0,0.4,0.3466666666666667,39.3,40.5,0.0
369,10,6,0.42333333333333334,0.0,0.0,0.0,0.42333333333333334,42.7,45.0,0.0
370,10,7,0.5666666666666667,0.0,0.0,0.26666666666666666,0.29999999999999993,37.4,39.5,0.0
371,10,6,0.3533333333333333,0.0,0.0,0.13333333333333333,0.21999999999999992,35.8,34.5,0.0
372,10,7,0.6499999999999999,0.0,0.0,0.26666666666666666,0.3833333333333333,41.2,41.5,0.0
373,10,8,0.4833333333333333,0.0,0.0,0.13333333333333333,0.35,39.7,42.0,0.0
374,10,4,0.8566666666666667,0.0,0.0,0.6666666666666666,0.19,31.7,27.0,0.0
375,10,7,0.5833333333333333,0.0,0.0,0.13333333333333333,0.45,45.3,44.0,0.0
376,10,7,0.45,0.0,0.0,0.0,0.45,43.5,44.0,0.0
377,10,6,0.6199999999999999,0.0,0.0,0.13333333333333333,0.4866666666666665,43.8,46.0,0.0
378,10,7,0.7066666666666666,0.0,0.0,0.26666666666666666,0.44000000000000006,44.2,44.5,0.0
379,10,5,0.5266666666666666,0.0,0.0,0.0,0.5266666666666666,49.7,44.5,0.0
380,10,6,0.6499999999999999,0.0,0.0,0.13333333333333333,0.5166666666666667,47.3,44.0,0.0
381,10,6,0.48666666666666664,0.0,0.0,0.0,0.48666666666666664,45.9,43.5,0.0
382,10,6,0.6233333333333333,0.0,0.0,0.13333333333333333,0.48999999999999994,45.2,44.5,0.0
383,10,7,0.5666666666666667,0.0,0.0,0.26666666666666666,0.29999999999999993,37.4,40.5,0.0
384,10,7,0.4999999999999999,0.0,0.0,0.13333333333333333,0.36666666666666664,40.2,43.0,0.0
385,10,5,0.5799999999999998,0.0,0.0,0.0,0.5799999999999998,50.0,46.0,0.0
386,10,5,0.2833333333333333,0.0,0.0,0.0,0.2833333333333333,38.5,39.0,0.0
387,10,6,0.5133333333333333,0.0,0.0,0.0,0.5133333333333333,48.0,44.5,0.0
388,10,6,0.53,0.0,0.0,0.0,0.53,47.2,47.0,0.0
389,10,7,0.7433333333333333,0.0,0.0,0.4,0.3433333333333334,39.2,41.5,0.0
390,10,6,0.7366666666666666,0.0,0.0,0.4,0.3366666666666667,39.0,39.5,0.0
391,10,8,0.6366666666666666,0.0,0.0,0.13333333333333333,0.5033333333333333,48.2,43.0,0.0
392,10,6,0.5233333333333332,0.0,0.0,0.13333333333333333,0.38999999999999996,40.9,41.5,0.0
393,10,6,0.44666666666666666,0.0,0.0,0.0,0.44666666666666666,44.7,43.0,0.0
394,10,6,0.7833333333333333,0.0,0.0,0.4,0.3833333333333333,40.4,44.5,0.0
395,10,7,0.5,0.0,0.0,0.13333333333333333,0.3666666666666666,41.5,40.5,0.0
396,10,8,0.45666666666666667,0.0,0.0,0.13333333333333333,0.32333333333333336,38.9,40.5,0.0
397,10,7,0.6566666666666666,0.0,0.0,0.26666666666666666,0.39,41.4,41.5,0.0
398,10,5,0.5899999999999999,0.0,0.0,0.0,0.5899999999999999,50.3,47.0,0.0
399,10,7,0.4166666666666667,0.0,0.0,0.0,0.4166666666666667,43.8,43.0,0.0
400,10,8,0.5766666666666665,0.0,0.0,0.13333333333333333,0.44333333333333325,43.8,43.5,0.0
401,10,6,0.39666666666666667,0.0,0.0,0.0,0.39666666666666667,41.9,43.5,0.0
402,10,6,0.49333333333333335,0.0,0.0,0.0,0.49333333333333335,46.1,47.0,0.0
403,10,6,0.43,0.0,0.0,0.0,0.43,44.2,44.0,0.0
404,10,7,0.5066666666666666,0.0,0.0,0.0,0.5066666666666666,46.5,46.0,0.0
405,10,6,0.4533333333333333,0.0,0.0,0.0,0.4533333333333333,44.9,44.0,0.0
406,10,8,0.48999999999999994,0.0,0.0,0.0,0.48999999999999994,46.0,44.5,0.0
407,10,7,0.6399999999999999,0.0,0.0,0.26666666666666666,0.37333333333333335,42.2,38.0,0.0
408,10,5,0.6699999999999999,0.0,0.0,0.5333333333333333,0.13666666666666666,30.9,32.0,0.0
409,10,7,0.5933333333333333,0.0,0.0,0.13333333333333333,0.45999999999999996,44.3,44.5,0.0
410,10,7,0.7466666666666667,0.0,0.0,0.13333333333333333,0.6133333333333333,51.5,47.0,0.0
411,10,5,0.6866666666666666,0.0,0.0,0.13333333333333333,0.5533333333333333,49.7,48.0,0.0
412,10,6,0.6766666666666667,0.0,0.0,0.26666666666666666,0.41,43.3,40.5,0.0
413,10,6,0.7966666666666666,0.0,0.0,0.5333333333333333,0.2633333333333333,36.0,34.5,0.0
414,10,6,0.44000000000000006,0.0,0.0,0.0,0.44000000000000006,43.2,43.5,0.0
415,10,7,0.6566666666666666,0.0,0.0,0.26666666666666666,0.39,41.4,44.5,0.0
416,10,7,0.4166666666666667,0.0,0.0,0.0,0.4166666666666667,42.5,44.0,0.0
417,10,5,0.4666666666666666,0.0,0.0,0.0,0.4666666666666666,44.0,45.0,0.0
418,10,8,0.5700000000000001,0.0,0.0,0.13333333333333333,0.4366666666666667,44.9,43.0,0.0
419,10,8,0.59,0.0,0.0,0.13333333333333333,0.45666666666666667,44.2,44.5,0.0
420,10,7,0.51,0.0,0.0,0.26666666666666666,0.24333333333333332,35.7,38.0,0.0
421,10,7,0.5466666666666666,0.0,0.0,0.13333333333333333,0.4133333333333333,41.6,44.5,0.0
422,10,8,0.5133333333333333,0.0,0.0,0.0,0.5133333333333333,46.7,44.5,0.0
423,10,6,0.5966666666666666,0.0,0.0,0.26666666666666666,0.32999999999999996,40.9,34.5,0.0
424,10,6,0.5,0.0,0.0,0.13333333333333333,0.36666666666666664,41.5,43.5,0.0
425,10,5,0.6766666666666666,0.0,0.0,0.13333333333333333,0.5433333333333332,48.1,45.0,0.0
426,10,6,0.5533333333333333,0.0,0.0,0.26666666666666666,0.2866666666666667,38.3,34.5,0.0
427,10,6,0.5633333333333334,0.0,0.0,0.13333333333333333,0.43000000000000005,44.7,39.5,0.0
428,10,5,0.44000000000000006,0.0,0.0,0.0,0.44000000000000006,43.2,43.5,0.0
429,10,4,0.95,0.0,0.0,0.4,0.55,49.3,49.0,0.0
430,10,6,0.3633333333333333,0.0,0.0,0.0,0.3633333333333333,42.2,39.0,0.0
431,10,8,0.6033333333333333,0.0,0.0,0.13333333333333333,0.4699999999999999,45.9,43.0,0.0
432,10,7,0.5900000000000001,0.0,0.0,0.13333333333333333,0.45666666666666667,44.2,43.5,0.0
433,10,8,0.4833333333333333,0.0,0.0,0.13333333333333333,0.35,39.7,42.0,0.0
434,10,7,0.5599999999999999,0.0,0.0,0.0,0.5599999999999999,49.4,46.0,0.0
435,10,6,0.5933333333333333,0.0,0.0,0.26666666666666666,0.32666666666666666,38.2,40.5,0.0
436,10,7,0.7,0.0,0.0,0.26666666666666666,0.4333333333333333,42.7,44.0,0.0
437,10,6,0.4933333333333333,0.0,0.0,0.13333333333333333,0.36,40.0,44.0,0.0
438,10,7,0.5633333333333332,0.0,0.0,0.13333333333333333,0.43,43.4,44.5,0.0
439,10,6,0.5333333333333333,0.0,0.0,0.0,0.5333333333333333,49.9,44.0,0.0
440,10,5,0.45666666666666667,0.0,0.0,0.13333333333333333,0.3233333333333333,38.9,43.5,0.0
441,10,5,0.5033333333333333,0.0,0.0,0.0,0.5033333333333333,45.1,47.0,0.0
442,10,6,0.5599999999999999,0.0,0.0,0.26666666666666666,0.29333333333333333,37.2,37.0,0.0
443,10,7,0.7733333333333332,0.0,0.0,0.4,0.37333333333333335,40.1,43.0,0.0
444,10,7,0.47333333333333333,0.0,0.0,0.0,0.47333333333333333,44.2,45.0,0.0
445,10,8,0.4966666666666666,0.0,0.0,0.0,0.4966666666666666,47.5,43.0,0.0
446,10,9,0.5666666666666667,0.0,0.0,0.13333333333333333,0.4333333333333334,43.5,43.0,0.0
447,10,6,0.5833333333333334,0.0,0.0,0.13333333333333333,0.45,42.7,44.5,0.0
448,10,7,0.45666666666666667,0.0,0.0,0.0,0.45666666666666667,45.0,44.5,0.0
449,10,4,0.3866666666666666,0.0,0.0,0.0,0.3866666666666666,41.6,45.0,0.0
450,10,7,0.5766666666666665,0.0,0.0,0.26666666666666666,0.30999999999999994,39.0,38.0,0.0
451,10,8,0.6366666666666667,0.0,0.0,0.26666666666666666,0.37,40.8,40.5,0.0
452,10,6,0.7566666666666666,0.0,0.0,0.26666666666666666,0.49000000000000005,45.7,44.0,0.0
453,10,5,0.5533333333333335,0.0,0.0,0.0,0.5533333333333335,50.5,43.0,0.0
454,10,6,0.5,0.0,0.0,0.13333333333333333,0.36666666666666664,40.2,42.0,0.0
455,10,7,0.5266666666666666,0.0,0.0,0.0,0.5266666666666666,49.7,43.0,0.0
456,10,7,0.47666666666666657,0.0,0.0,0.0,0.47666666666666657,45.6,45.0,0.0
457,10,7,0.4499999999999999,0.0,0.0,0.0,0.4499999999999999,46.1,40.5,0.0
458,10,7,0.43999999999999995,0.0,0.0,0.13333333333333333,0.30666666666666664,38.4,39.0,0.0
459,10,5,0.6799999999999999,0.0,0.0,0.13333333333333333,0.5466666666666666,50.8,40.5,0.0
460,10,6,0.5833333333333334,0.0,0.0,0.26666666666666666,0.31666666666666665,37.9,39.5,0.0
461,10,8,0.4533333333333334,0.0,0.0,0.0,0.4533333333333334,44.9,44.0,0.0
462,10,7,0.6333333333333333,0.0,0.0,0.13333333333333333,0.5,46.8,45.0,0.0
463,10,7,0.4733333333333333,0.0,0.0,0.13333333333333333,0.33999999999999997,39.4,40.5,0.0
464,10,6,0.6733333333333332,0.0,0.0,0.13333333333333333,0.5399999999999999,50.6,45.5,0.0
465,10,6,0.5833333333333333,0.0,0.0,0.13333333333333333,0.45,42.7,46.0,0.0
466,10,6,0.47666666666666674,0.0,0.0,0.0,0.47666666666666674,44.3,45.0,0.0
467,10,6,0.49000000000000005,0.0,0.0,0.0,0.49000000000000005,47.3,43.0,0.0
468,10,8,0.5700000000000001,0.0,0.0,0.13333333333333333,0.43666666666666665,44.9,41.5,0.0
469,10,5,0.7866666666666667,0.0,0.0,0.13333333333333333,0.6533333333333333,55.3,59.0,0.0
470,10,6,0.4533333333333333,0.0,0.0,0.0,0.4533333333333333,44.9,43.0,0.0
471,10,8,0.5733333333333333,0.0,0.0,0.13333333333333333,0.43999999999999995,43.7,43.0,0.0
472,10,8,0.6166666666666665,0.0,0.0,0.13333333333333333,0.4833333333333333,46.3,43.0,0.0
473,10,9,0.5433333333333333,0.0,0.0,0.13333333333333333,0.41,42.8,43.0,0.0
474,10,6,0.38333333333333336,0.0,0.0,0.0,0.38333333333333336,41.5,43.5,0.0
475,10,7,0.47000000000000003,0.0,0.0,0.0,0.47000000000000003,45.4,43.0,0.0
476,10,7,0.7033333333333334,0.0,0.0,0.13333333333333333,0.5700000000000001,50.2,47.0,0.0
477,10,6,0.5566666666666666,0.0,0.0,0.13333333333333333,0.42333333333333334,44.5,41.0,0.0
478,10,5,0.49333333333333335,0.0,0.0,0.0,0.49333333333333335,46.1,44.0,0.0
479,10,5,0.6366666666666666,0.0,0.0,0.26666666666666666,0.37,39.5,44.5,0.0
480,10,7,0.3533333333333333,0.0,0.0,0.0,0.3533333333333333,40.6,40.5,0.0
481,10,6,0.4066666666666666,0.0,0.0,0.13333333333333333,0.2733333333333333,37.4,39.5,0.0
482,10,5,0.7699999999999999,0.0,0.0,0.4,0.37,38.7,44.0,0.0
483,10,7,0.6733333333333333,0.0,0.0,0.26666666666666666,0.4066666666666666,41.9,44.5,0.0
484,10,5,0.6133333333333333,0.0,0.0,0.13333333333333333,0.48,46.2,44.5,0.0
485,10,7,0.5433333333333332,0.0,0.0,0.13333333333333333,0.41,44.1,39.0,0.0
486,10,8,0.5666666666666667,0.0,0.0,0.13333333333333333,0.4333333333333333,43.5,42.0,0.0
487,10,7,0.6033333333333333,0.0,0.0,0.13333333333333333,0.4699999999999999,44.6,45.5,0.0
488,10,8,0.6,0.0,0.0,0.13333333333333333,0.4666666666666666,44.5,45.0,0.0
489,10,5,0.5700000000000001,0.0,0.0,0.0,0.5700000000000001,49.7,44.0,0.0
490,10,5,0.30333333333333334,0.0,0.0,0.0,0.30333333333333334,39.1,39.0,0.0
491,10,8,0.54,0.0,0.0,0.13333333333333333,0.4066666666666666,42.7,43.0,0.0
492,10,8,0.5599999999999999,0.0,0.0,0.13333333333333333,0.42666666666666664,43.3,44.0,0.0
493,10,7,0.5366666666666666,0.0,0.0,0.13333333333333333,0.4033333333333333,42.6,43.0,0.0
494,10,7,0.44333333333333336,0.0,0.0,0.0,0.44333333333333336,44.6,43.0,0.0
495,10,5,0.71,0.0,0.0,0.26666666666666666,0.44333333333333336,43.0,45.0,0.0
496,10,7,0.6233333333333334,0.0,0.0,0.26666666666666666,0.35666666666666663,40.4,43.0,0.0
497,10,7,0.4999999999999999,0.0,0.0,0.13333333333333333,0.3666666666666666,40.2,42.0,0.0
498,10,5,0.9833333333333334,0.0,0.0,0.6666666666666666,0.31666666666666665,36.8,32.0,0.0
499,10,7,0.45,0.0,0.0,0.13333333333333333,0.31666666666666665,38.7,39.0,0.0
500,10,8,0.5066666666666666,0.0,0.0,0.13333333333333333,0.3733333333333333,41.7,39.0,0.0
501,10,6,0.6833333333333333,0.0,0.0,0.26666666666666666,0.4166666666666667,43.5,40.5,0.0
502,10,7,0.43,0.0,0.0,0.0,0.43,44.2,42.0,0.0
503,10,7,0.6233333333333333,0.0,0.0,0.26666666666666666,0.35666666666666663,40.4,43.0,0.0
504,10,8,0.48666666666666664,0.0,0.0,0.13333333333333333,0.35333333333333333,39.8,43.0,0.0
505,10,7,0.8299999999999998,0.0,0.0,0.5333333333333333,0.2966666666666666,37.0,35.5,0.0
506,10,4,0.5933333333333333,0.0,0.0,0.13333333333333333,0.45999999999999996,45.6,41.5,0.0
507,10,7,0.6033333333333333,0.0,0.0,0.13333333333333333,0.47000000000000003,44.6,44.5,0.0
508,10,7,0.5066666666666666,0.0,0.0,0.0,0.5066666666666666,46.5,44.5,0.0
509,10,8,0.6633333333333332,0.0,0.0,0.26666666666666666,0.3966666666666666,41.6,43.5,0.0
510,10,8,0.46333333333333326,0.0,0.0,0.13333333333333333,0.32999999999999996,39.1,41.5,0.0
511,10,7,0.5333333333333333,0.0,0.0,0.13333333333333333,0.39999999999999997,43.8,40.5,0.0
512,10,6,0.32333333333333325,0.0,0.0,0.0,0.32333333333333325,39.7,39.0,0.0
513,10,6,0.7133333333333334,0.0,0.0,0.13333333333333333,0.5800000000000001,50.5,47.0,0.0
514,10,7,0.48,0.0,0.0,0.0,0.48,45.7,44.0,0.0
515,10,5,0.5833333333333333,0.0,0.0,0.26666666666666666,0.3166666666666667,37.9,40.5,0.0
516,10,6,0.5766666666666667,0.0,0.0,0.0,0.5766666666666667,51.2,45.0,0.0
517,10,7,0.4800000000000001,0.0,0.0,0.0,0.4800000000000001,45.7,46.0,0.0
518,10,5,0.32999999999999996,0.0,0.0,0.0,0.32999999999999996,39.9,40.5,0.0
519,10,6,0.8800000000000001,0.0,0.0,0.5333333333333333,0.3466666666666667,38.5,40.5,0.0
520,10,6,0.5166666666666666,0.0,0.0,0.0,0.5166666666666666,46.8,46.5,0.0
521,10,8,0.45666666666666667,0.0,0.0,0.0,0.45666666666666667,45.0,43.5,0.0
522,10,8,0.5533333333333333,0.0,0.0,0.13333333333333333,0.42000000000000004,43.1,43.0,0.0
523,10,7,0.6266666666666666,0.0,0.0,0.26666666666666666,0.36,39.2,43.0,0.0
524,10,5,0.7733333333333332,0.0,0.0,0.5333333333333333,0.24,34.0,37.0,0.0
525,10,8,0.4333333333333333,0.0,0.0,0.0,0.4333333333333333,44.3,44.5,0.0
526,10,6,0.5766666666666667,0.0,0.0,0.13333333333333333,0.44333333333333336,43.8,43.0,0.0
527,10,6,0.38,0.0,0.0,0.0,0.38,41.4,43.5,0.0
528,10,5,0.3499999999999999,0.0,0.0,0.13333333333333333,0.21666666666666662,35.7,37.0,0.0
529,10,7,0.5366666666666667,0.0,0.0,0.13333333333333333,0.4033333333333333,42.6,42.0,0.0
530,10,8,0.6366666666666667,0.0,0.0,0.13333333333333333,0.5033333333333333,46.9,46.0,0.0
531,10,7,0.5666666666666667,0.0,0.0,0.26666666666666666,0.3,37.4,40.5,0.0
532,10,8,0.5266666666666666,0.0,0.0,0.13333333333333333,0.3933333333333333,41.0,44.5,0.0
533,10,7,0.49000000000000005,0.0,0.0,0.0,0.49000000000000005,46.0,44.0,0.0
534,10,5,0.47000000000000003,0.0,0.0,0.0,0.47000000000000003,44.1,45.0,0.0
535,10,9,0.43999999999999995,0.0,0.0,0.0,0.43999999999999995,44.5,43.0,0.0
536,10,6,0.4033333333333333,0.0,0.0,0.0,0.4033333333333333,43.4,42.0,0.0
537,10,7,0.32999999999999996,0.0,0.0,0.0,0.32999999999999996,39.9,38.0,0.0
538,10,7,0.6733333333333332,0.0,0.0,0.26666666666666666,0.4066666666666666,41.9,43.5,0.0
539,10,6,0.6966666666666667,0.0,0.0,0.26666666666666666,0.43000000000000005,42.6,43.0,0.0
540,10,6,0.43,0.0,0.0,0.0,0.43,44.2,42.0,0.0
541,10,8,0.48999999999999994,0.0,0.0,0.0,0.48999999999999994,46.0,44.5,0.0
542,10,6,0.5733333333333334,0.0,0.0,0.13333333333333333,0.44000000000000006,45.0,42.0,0.0
543,10,6,0.6900000000000001,0.0,0.0,0.26666666666666666,0.42333333333333334,42.4,44.0,0.0
544,10,8,0.5366666666666667,0.0,0.0,0.13333333333333333,0.4033333333333333,41.3,44.0,0.0
545,10,6,0.3933333333333333,0.0,0.0,0.0,0.3933333333333333,41.8,43.0,0.0
546,10,7,0.47666666666666657,0.0,0.0,0.0,0.47666666666666657,46.9,44.0,0.0
547,10,6,0.5133333333333333,0.0,0.0,0.0,0.5133333333333333,48.0,44.0,0.0
548,10,8,0.5466666666666666,0.0,0.0,0.13333333333333333,0.4133333333333333,42.9,43.0,0.0
549,10,6,0.55,0.0,0.0,0.13333333333333333,0.41666666666666663,43.0,42.0,0.0
550,10,7,0.5933333333333334,0.0,0.0,0.13333333333333333,0.4600000000000001,45.6,43.0,0.0
551,10,6,0.5066666666666666,0.0,0.0,0.13333333333333333,0.37333333333333335,40.4,43.0,0.0
552,10,8,0.6333333333333334,0.0,0.0,0.13333333333333333,0.5,46.8,44.5,0.0
553,10,6,0.7333333333333333,0.0,0.0,0.26666666666666666,0.4666666666666668,45.0,43.0,0.0
554,10,5,0.3266666666666666,0.0,0.0,0.0,0.3266666666666666,41.1,37.0,0.0
555,10,5,0.4,0.0,0.0,0.0,0.4,42.0,44.0,0.0
556,10,7,0.44333333333333336,0.0,0.0,0.0,0.44333333333333336,44.6,45.0,0.0
557,10,7,0.4533333333333333,0.0,0.0,0.13333333333333333,0.31999999999999995,38.8,39.0,0.0
558,10,7,0.5166666666666668,0.0,0.0,0.13333333333333333,0.3833333333333333,42.0,42.0,0.0
559,10,6,0.43666666666666665,0.0,0.0,0.0,0.43666666666666665,44.4,43.0,0.0
560,10,7,0.6733333333333333,0.0,0.0,0.13333333333333333,0.5399999999999999,48.0,46.0,0.0
561,10,7,0.4333333333333333,0.0,0.0,0.13333333333333333,0.3,38.2,38.0,0.0
562,10,5,0.61,0.0,0.0,0.0,0.61,53.5,49.0,0.0
563,10,6,0.4933333333333333,0.0,0.0,0.13333333333333333,0.36,40.0,44.0,0.0
564,10,6,0.6599999999999999,0.0,0.0,0.4,0.26,36.7,38.0,0.0
565,10,7,0.4833333333333334,0.0,0.0,0.13333333333333333,0.35,41.0,39.5,0.0
566,10,7,0.37666666666666665,0.0,0.0,0.0,0.37666666666666665,41.3,42.0,0.0
567,10,7,0.5399999999999999,0.0,0.0,0.13333333333333333,0.4066666666666666,42.7,41.5,0.0
568,10,6,0.3633333333333333,0.0,0.0,0.0,0.3633333333333333,40.9,40.5,0.0
569,10,6,0.4866666666666667,0.0,0.0,0.0,0.4866666666666667,47.2,44.0,0.0
570,10,7,0.42333333333333334,0.0,0.0,0.0,0.42333333333333334,42.7,44.5,0.0
571,10,7,0.6733333333333332,0.0,0.0,0.26666666666666666,0.4066666666666666,41.9,43.0,0.0
572,10,7,0.5599999999999999,0.0,0.0,0.13333333333333333,0.42666666666666664,42.0,44.5,0.0
573,10,8,0.5233333333333332,0.0,0.0,0.13333333333333333,0.38999999999999996,42.2,42.0,0.0
574,10,8,0.6166666666666666,0.0,0.0,0.13333333333333333,0.4833333333333333,46.3,44.5,0.0
575,10,7,0.47333333333333333,0.0,0.0,0.0,0.47333333333333333,45.5,44.5,0.0
576,10,5,0.5766666666666668,0.0,0.0,0.0,0.5766666666666668,48.6,46.0,0.0
577,10,7,0.6033333333333333,0.0,0.0,0.13333333333333333,0.47000000000000003,44.6,46.0,0.0
578,10,5,0.6033333333333333,0.0,0.0,0.26666666666666666,0.33666666666666667,38.5,40.5,0.0
579,10,9,0.5566666666666666,0.0,0.0,0.13333333333333333,0.42333333333333334,43.2,43.0,0.0
580,10,4,0.72,0.0,0.0,0.26666666666666666,0.4533333333333333,42.0,46.0,0.0
581,10,7,0.64,0.0,0.0,0.26666666666666666,0.37333333333333335,40.9,41.5,0.0
582,10,6,0.45,0.0,0.0,0.0,0.45,43.5,44.0,0.0
583,10,6,0.36999999999999994,0.0,0.0,0.0,0.36999999999999994,42.4,42.0,0.0
584,10,7,0.6166666666666667,0.0,0.0,0.13333333333333333,0.4833333333333334,46.3,43.0,0.0
585,10,6,0.44333333333333325,0.0,0.0,0.0,0.44333333333333325,43.3,44.5,0.0
586,10,6,0.5533333333333332,0.0,0.0,0.26666666666666666,0.2866666666666666,37.0,40.5,0.0
587,10,7,0.5533333333333333,0.0,0.0,0.13333333333333333,0.41999999999999993,44.4,38.0,0.0
588,10,5,0.5599999999999999,0.0,0.0,0.26666666666666666,0.2933333333333333,37.2,40.5,0.0
589,10,9,0.5666666666666667,0.0,0.0,0.13333333333333333,0.4333333333333333,43.5,43.0,0.0
590,10,6,0.6933333333333332,0.0,0.0,0.26666666666666666,0.42666666666666664,42.5,45.5,0.0
591,10,7,0.5599999999999999,0.0,0.0,0.13333333333333333,0.42666666666666664,43.3,44.5,0.0
592,10,6,0.5666666666666667,0.0,0.0,0.26666666666666666,0.29999999999999993,37.4,38.0,0.0
593,10,6,0.6199999999999999,0.0,0.0,0.26666666666666666,0.35333333333333333,39.0,44.0,0.0
594,10,6,0.5399999999999999,0.0,0.0,0.26666666666666666,0.2733333333333333,36.6,35.5,0.0
595,10,6,0.3433333333333333,0.0,0.0,0.0,0.3433333333333333,40.3,39.0,0.0
596,10,6,0.4666666666666666,0.0,0.0,0.0,0.4666666666666666,46.6,40.5,0.0
597,10,8,0.5999999999999999,0.0,0.0,0.26666666666666666,0.33333333333333326,39.7,38.0,0.0
598,10,7,0.6,0.0,0.0,0.26666666666666666,0.33333333333333337,38.4,42.0,0.0
599,10,8,0.5933333333333333,0.0,0.0,0.13333333333333333,0.45999999999999996,45.6,42.0,0.0
600,10,7,0.44666666666666666,0.0,0.0,0.0,0.44666666666666666,46.0,40.5,0.0
601,10,6,0.45,0.0,0.0,0.0,0.45,44.8,44.0,0.0
602,10,7,0.3366666666666666,0.0,0.0,0.0,0.3366666666666666,40.1,40.5,0.0
603,10,8,0.49333333333333335,0.0,0.0,0.13333333333333333,0.36,41.3,39.5,0.0
604,10,5,0.49333333333333335,0.0,0.0,0.0,0.49333333333333335,44.8,45.0,0.0
605,10,7,0.4666666666666667,0.0,0.0,0.0,0.4666666666666667,45.3,43.5,0.0
606,10,7,0.5399999999999999,0.0,0.0,0.13333333333333333,0.4066666666666666,42.7,45.0,0.0
607,10,7,0.5499999999999999,0.0,0.0,0.13333333333333333,0.41666666666666663,43.0,41.5,0.0
608,10,7,0.4833333333333333,0.0,0.0,0.13333333333333333,0.35,39.7,40.5,0.0
609,10,7,0.5333333333333333,0.0,0.0,0.26666666666666666,0.26666666666666666,36.4,38.0,0.0
610,10,6,0.46333333333333326,0.0,0.0,0.0,0.46333333333333326,46.5,40.5,0.0
611,10,6,0.41,0.0,0.0,0.0,0.41,42.3,43.0,0.0
612,10,6,0.41666666666666663,0.0,0.0,0.0,0.41666666666666663,42.5,44.5,0.0
613,10,6,0.6899999999999998,0.0,0.0,0.13333333333333333,0.5566666666666666,48.5,48.0,0.0
614,10,6,0.6799999999999999,0.0,0.0,0.13333333333333333,0.5466666666666666,49.5,44.0,0.0
615,10,6,0.6033333333333333,0.0,0.0,0.13333333333333333,0.47000000000000003,47.2,39.0,0.0
616,10,6,0.24999999999999994,0.0,0.0,0.0,0.24999999999999994,37.5,37.0,0.0
617,10,6,0.59,0.0,0.0,0.26666666666666666,0.32333333333333336,38.1,40.5,0.0
618,10,5,0.6799999999999999,0.0,0.0,0.26666666666666666,0.4133333333333333,40.8,45.0,0.0
619,10,6,0.5899999999999999,0.0,0.0,0.13333333333333333,0.45666666666666667,45.5,45.0,0.0
620,10,6,0.6466666666666666,0.0,0.0,0.4,0.2466666666666666,36.3,34.5,0.0
621,10,8,0.6333333333333333,0.0,0.0,0.13333333333333333,0.5,46.8,44.5,0.0
622,10,7,0.4066666666666666,0.0,0.0,0.0,0.4066666666666666,43.5,41.5,0.0
623,10,7,0.4466666666666666,0.0,0.0,0.13333333333333333,0.3133333333333333,38.6,39.0,0.0
624,10,8,0.6033333333333333,0.0,0.0,0.13333333333333333,0.4699999999999999,44.6,45.0,0.0
625,10,6,0.42000000000000004,0.0,0.0,0.13333333333333333,0.2866666666666667,37.8,39.0,0.0
626,10,8,0.5666666666666667,0.0,0.0,0.13333333333333333,0.4333333333333333,44.8,41.5,0.0
627,10,5,0.5766666666666667,0.0,0.0,0.0,0.5766666666666667,51.2,44.0,0.0
628,10,8,0.6966666666666667,0.0,0.0,0.13333333333333333,0.5633333333333332,50.0,46.0,0.0
629,10,7,0.5,0.0,0.0,0.0,0.5,47.6,44.5,0.0
630,10,5,0.5566666666666666,0.0,0.0,0.0,0.5566666666666666,48.0,45.0,0.0
631,10,6,0.7233333333333333,0.0,0.0,0.13333333333333333,0.5900000000000001,50.8,47.0,0.0
632,10,5,0.7899999999999999,0.0,0.0,0.4,0.39,41.9,38.0,0.0
633,10,6,0.6100000000000001,0.0,0.0,0.0,0.6100000000000001,53.5,45.5,0.0
634,10,7,0.5533333333333332,0.0,0.0,0.26666666666666666,0.2866666666666666,37.0,39.0,0.0
635,10,7,0.5966666666666667,0.0,0.0,0.0,0.5966666666666667,51.8,45.0,0.0
636,10,8,0.5933333333333334,0.0,0.0,0.13333333333333333,0.45999999999999996,45.6,42.0,0.0
637,10,7,0.6533333333333333,0.0,0.0,0.26666666666666666,0.38666666666666666,41.3,43.0,0.0
638,10,6,0.3766666666666666,0.0,0.0,0.0,0.3766666666666666,42.6,39.0,0.0
639,10,7,0.5566666666666666,0.0,0.0,0.13333333333333333,0.42333333333333334,43.2,44.0,0.0
640,10,6,0.6599999999999999,0.0,0.0,0.4,0.26,35.4,38.0,0.0
641,10,6,0.7066666666666667,0.0,0.0,0.13333333333333333,0.5733333333333334,51.6,48.0,0.0
642,10,6,0.5833333333333333,0.0,0.0,0.26666666666666666,0.3166666666666666,37.9,39.0,0.0
643,10,6,0.44666666666666666,0.0,0.0,0.0,0.44666666666666666,46.0,42.0,0.0
644,10,7,0.4066666666666666,0.0,0.0,0.0,0.4066666666666666,43.5,42.0,0.0
645,10,8,0.4966666666666667,0.0,0.0,0.13333333333333333,0.36333333333333334,40.1,40.5,0.0
646,10,6,0.5399999999999999,0.0,0.0,0.0,0.5399999999999999,47.5,47.0,0.0
647,10,7,0.4966666666666667,0.0,0.0,0.13333333333333333,0.36333333333333334,41.4,41.0,0.0
648,10,7,0.55,0.0,0.0,0.26666666666666666,0.2833333333333333,36.9,38.0,0.0
649,10,6,0.3733333333333333,0.0,0.0,0.0,0.3733333333333333,41.2,42.0,0.0
650,10,7,0.6799999999999999,0.0,0.0,0.26666666666666666,0.4133333333333333,42.1,44.0,0.0
651,10,6,0.5033333333333333,0.0,0.0,0.0,0.5033333333333333,47.7,44.5,0.0
652,10,7,0.6466666666666667,0.0,0.0,0.0,0.6466666666666667,54.6,48.0,0.0
653,10,7,0.6733333333333332,0.0,0.0,0.26666666666666666,0.4066666666666666,41.9,45.0,0.0
654,10,6,0.5733333333333334,0.0,0.0,0.26666666666666666,0.3066666666666667,37.6,39.0,0.0
655,10,6,0.6133333333333333,0.0,0.0,0.13333333333333333,0.48,43.6,46.0,0.0
656,10,5,0.6,0.0,0.0,0.0,0.6,51.9,47.0,0.0
657,10,5,0.64,0.0,0.0,0.0,0.64,53.1,48.0,0.0
658,10,6,0.41666666666666663,0.0,0.0,0.0,0.41666666666666663,42.5,44.0,0.0
659,10,7,0.7633333333333333,0.0,0.0,0.26666666666666666,0.4966666666666667,45.9,46.0,0.0
660,10,8,0.67,0.0,0.0,0.26666666666666666,0.4033333333333333,41.8,43.5,0.0
661,10,6,0.75,0.0,0.0,0.13333333333333333,0.6166666666666667,52.9,47.0,0.0
662,10,8,0.5799999999999998,0.0,0.0,0.26666666666666666,0.31333333333333335,37.8,40.5,0.0
663,10,6,0.6133333333333334,0.0,0.0,0.0,0.6133333333333334,52.3,47.0,0.0
664,10,9,0.5666666666666667,0.0,0.0,0.13333333333333333,0.4333333333333333,43.5,43.0,0.0
665,10,6,0.5233333333333332,0.0,0.0,0.13333333333333333,0.38999999999999996,42.2,42.0,0.0
666,10,6,0.6533333333333333,0.0,0.0,0.13333333333333333,0.5199999999999999,48.7,47.0,0.0
667,10,6,0.5166666666666666,0.0,0.0,0.13333333333333333,0.3833333333333333,40.7,44.0,0.0
668,10,6,0.4666666666666667,0.0,0.0,0.0,0.4666666666666667,44.0,45.0,0.0
669,10,7,0.42333333333333334,0.0,0.0,0.0,0.42333333333333334,42.7,43.0,0.0
670,10,7,0.6033333333333333,0.0,0.0,0.0,0.6033333333333333,52.0,46.0,0.0
671,10,7,0.51,0.0,0.0,0.13333333333333333,0.37666666666666665,40.5,44.0,0.0
672,10,5,0.44333333333333336,0.0,0.0,0.0,0.44333333333333336,43.3,44.5,0.0
673,10,5,0.45666666666666667,0.0,0.0,0.0,0.45666666666666667,43.7,45.0,0.0
674,10,5,0.62,0.0,0.0,0.0,0.62,52.5,44.5,0.0
675,10,7,0.63,0.0,0.0,0.26666666666666666,0.3633333333333333,40.6,39.0,0.0
676,10,8,0.53,0.0,0.0,0.13333333333333333,0.3966666666666666,42.4,43.0,0.0
677,10,6,0.6966666666666665,0.0,0.0,0.4,0.2966666666666667,36.5,41.5,0.0
678,10,8,0.4766666666666667,0.0,0.0,0.13333333333333333,0.3433333333333333,40.8,39.0,0.0
679,10,7,0.6166666666666667,0.0,0.0,0.13333333333333333,0.4833333333333333,46.3,42.0,0.0
680,10,5,0.6733333333333333,0.0,0.0,0.13333333333333333,0.54,48.0,44.0,0.0
681,10,7,0.4133333333333334,0.0,0.0,0.0,0.4133333333333334,42.4,43.0,0.0
682,10,8,0.5533333333333333,0.0,0.0,0.13333333333333333,0.42000000000000004,43.1,44.0,0.0
683,10,6,0.5166666666666667,0.0,0.0,0.0,0.5166666666666667,49.4,40.5,0.0
684,10,6,0.42333333333333323,0.0,0.0,0.0,0.42333333333333323,42.7,45.0,0.0
685,10,7,0.5733333333333335,0.0,0.0,0.13333333333333333,0.44000000000000006,43.7,42.0,0.0
686,10,7,0.6333333333333333,0.0,0.0,0.26666666666666666,0.36666666666666664,40.7,40.5,0.0
687,10,6,0.6566666666666666,0.0,0.0,0.13333333333333333,0.5233333333333333,46.2,45.0,0.0
688,10,6,0.5233333333333333,0.0,0.0,0.0,0.5233333333333333,48.3,45.0,0.0
689,10,8,0.52,0.0,0.0,0.13333333333333333,0.38666666666666666,42.1,40.5,0.0
690,10,6,0.7366666666666666,0.0,0.0,0.13333333333333333,0.6033333333333333,52.5,45.5,0.0
691,10,6,0.7066666666666667,0.0,0.0,0.26666666666666666,0.43999999999999995,45.5,38.0,0.0
692,10,5,0.41,0.0,0.0,0.0,0.41,43.6,41.0,0.0
693,10,6,0.6233333333333333,0.0,0.0,0.13333333333333333,0.48999999999999994,46.5,45.0,0.0
694,10,5,0.5066666666666666,0.0,0.0,0.0,0.5066666666666666,45.2,44.5,0.0
695,10,7,0.6133333333333333,0.0,0.0,0.26666666666666666,0.3466666666666667,38.8,42.0,0.0
696,10,9,0.5399999999999999,0.0,0.0,0.13333333333333333,0.4066666666666666,42.7,43.0,0.0
697,10,6,0.3133333333333333,0.0,0.0,0.0,0.3133333333333333,39.4,38.0,0.0
698,10,8,0.6433333333333333,0.0,0.0,0.26666666666666666,0.37666666666666665,41.0,43.0,0.0
699,10,6,0.3666666666666666,0.0,0.0,0.0,0.3666666666666666,41.0,42.0,0.0
700,10,7,0.7433333333333334,0.0,0.0,0.4,0.3433333333333334,39.2,39.0,0.0
701,10,7,0.4666666666666666,0.0,0.0,0.0,0.4666666666666666,45.3,43.0,0.0
702,10,7,0.7599999999999999,0.0,0.0,0.5333333333333333,0.22666666666666666,33.6,34.5,0.0
703,10,7,0.5333333333333334,0.0,0.0,0.13333333333333333,0.4,42.5,42.0,0.0
704,10,6,0.42666666666666664,0.0,0.0,0.0,0.42666666666666664,42.8,44.0,0.0
705,10,6,0.76,0.0,0.0,0.4,0.36,38.4,43.5,0.0
706,10,6,0.7699999999999999,0.0,0.0,0.13333333333333333,0.6366666666666667,53.5,49.0,0.0
707,10,7,0.2899999999999999,0.0,0.0,0.0,0.2899999999999999,38.7,38.0,0.0
708,10,7,0.42333333333333334,0.0,0.0,0.0,0.42333333333333334,42.7,44.0,0.0
709,10,6,0.6466666666666667,0.0,0.0,0.26666666666666666,0.38,39.8,44.5,0.0
710,10,7,0.3533333333333332,0.0,0.0,0.0,0.3533333333333332,40.6,43.0,0.0
711,10,6,0.6866666666666668,0.0,0.0,0.26666666666666666,0.42000000000000004,42.3,44.0,0.0
712,10,8,0.6166666666666666,0.0,0.0,0.26666666666666666,0.35,40.2,40.5,0.0
713,10,7,0.45999999999999996,0.0,0.0,0.0,0.45999999999999996,45.1,43.0,0.0
714,10,7,0.48666666666666664,0.0,0.0,0.13333333333333333,0.35333333333333333,39.8,43.5,0.0
715,10,8,0.4666666666666666,0.0,0.0,0.0,0.4666666666666666,45.3,44.5,0.0
716,10,7,0.5233333333333333,0.0,0.0,0.13333333333333333,0.39,42.2,39.0,0.0
717,10,7,0.48666666666666664,0.0,0.0,0.13333333333333333,0.35333333333333333,39.8,42.0,0.0
718,10,5,0.57,0.0,0.0,0.0,0.57,51.0,47.0,0.0
719,10,7,0.6,0.0,0.0,0.26666666666666666,0.3333333333333333,38.4,42.0,0.0
720,10,7,0.5833333333333333,0.0,0.0,0.26666666666666666,0.31666666666666665,39.2,35.5,0.0
721,10,6,0.33999999999999997,0.0,0.0,0.0,0.33999999999999997,41.5,38.0,0.0
722,10,6,0.5599999999999999,0.0,0.0,0.13333333333333333,0.42666666666666664,43.3,43.0,0.0
723,10,8,0.5266666666666666,0.0,0.0,0.13333333333333333,0.3933333333333333,41.0,44.5,0.0
724,10,7,0.3666666666666666,0.0,0.0,0.0,0.3666666666666666,41.0,40.5,0.0
725,10,8,0.47333333333333333,0.0,0.0,0.13333333333333333,0.33999999999999997,39.4,40.5,0.0
726,10,6,0.51,0.0,0.0,0.13333333333333333,0.37666666666666665,40.5,44.0,0.0
727,10,5,0.4833333333333333,0.0,0.0,0.0,0.4833333333333333,47.1,44.0,0.0
728,10,7,0.5066666666666666,0.0,0.0,0.0,0.5066666666666666,47.8,44.5,0.0
729,10,6,0.2833333333333333,0.0,0.0,0.0,0.2833333333333333,38.5,38.0,0.0
730,10,5,0.48,0.0,0.0,0.26666666666666666,0.2133333333333333,34.8,34.5,0.0
731,10,6,0.5633333333333332,0.0,0.0,0.0,0.5633333333333332,49.5,44.0,0.0
732,10,6,0.47666666666666657,0.0,0.0,0.26666666666666666,0.20999999999999996,34.7,32.0,0.0
733,10,6,0.5199999999999999,0.0,0.0,0.13333333333333333,0.3866666666666666,40.8,45.0,0.0
734,10,7,0.4966666666666667,0.0,0.0,0.13333333333333333,0.36333333333333334,41.4,40.5,0.0
735,10,7,0.4966666666666667,0.0,0.0,0.13333333333333333,0.36333333333333334,41.4,42.0,0.0
736,10,5,0.72,0.0,0.0,0.13333333333333333,0.5866666666666667,50.7,48.0,0.0
737,10,6,0.5633333333333332,0.0,0.0,0.13333333333333333,0.43000000000000005,43.4,44.5,0.0
738,10,5,0.3966666666666666,0.0,0.0,0.0,0.3966666666666666,44.5,39.0,0.0
739,10,5,0.6833333333333332,0.0,0.0,0.13333333333333333,0.55,49.6,49.0,0.0
740,10,8,0.5900000000000001,0.0,0.0,0.13333333333333333,0.45666666666666667,45.5,43.0,0.0
741,10,8,0.44000000000000006,0.0,0.0,0.0,0.44000000000000006,44.5,42.0,0.0
742,10,5,0.5599999999999999,0.0,0.0,0.26666666666666666,0.2933333333333333,37.2,39.5,0.0
743,10,6,0.54,0.0,0.0,0.13333333333333333,0.4066666666666666,41.4,42.0,0.0
744,10,6,0.4333333333333334,0.0,0.0,0.0,0.4333333333333334,43.0,43.0,0.0
745,10,7,0.4066666666666666,0.0,0.0,0.13333333333333333,0.2733333333333333,37.4,37.0,0.0
746,10,6,0.6966666666666665,0.0,0.0,0.4,0.2966666666666667,36.5,41.5,0.0
747,10,4,0.5,0.0,0.0,0.26666666666666666,0.2333333333333333,35.4,37.0,0.0
748,10,7,0.5833333333333333,0.0,0.0,0.0,0.5833333333333333,51.4,45.5,0.0
749,10,6,0.29999999999999993,0.0,0.0,0.0,0.29999999999999993,39.0,39.5,0.0
750,10,7,0.4699999999999999,0.0,0.0,0.0,0.4699999999999999,45.4,43.0,0.0
751,10,6,0.47999999999999987,0.0,0.0,0.13333333333333333,0.34666666666666657,40.9,38.5,0.0
752,10,7,0.6633333333333333,0.0,0.0,0.13333333333333333,0.53,47.7,46.0,0.0
753,10,7,0.3033333333333333,0.0,0.0,0.0,0.3033333333333333,39.1,39.0,0.0
754,10,6,0.5966666666666666,0.0,0.0,0.26666666666666666,0.33,38.3,39.0,0.0
755,10,8,0.5833333333333333,0.0,0.0,0.13333333333333333,0.45,44.0,43.5,0.0
756,10,8,0.5399999999999999,0.0,0.0,0.13333333333333333,0.4066666666666666,42.7,43.0,0.0
757,10,5,0.7,0.0,0.0,0.4,0.29999999999999993,36.6,39.0,0.0
758,10,7,0.5866666666666667,0.0,0.0,0.0,0.5866666666666667,51.5,46.0,0.0
759,10,7,0.45,0.0,0.0,0.0,0.45,44.8,41.5,0.0
760,10,5,0.5299999999999999,0.0,0.0,0.0,0.5299999999999999,49.8,46.0,0.0
761,10,7,0.4966666666666666,0.0,0.0,0.13333333333333333,0.3633333333333333,41.4,39.0,0.0
762,10,8,0.5566666666666666,0.0,0.0,0.13333333333333333,0.42333333333333334,43.2,43.0,0.0
763,10,8,0.5700000000000001,0.0,0.0,0.13333333333333333,0.43666666666666665,43.6,43.5,0.0
764,10,6,0.4666666666666667,0.0,0.0,0.0,0.4666666666666667,45.3,44.0,0.0
765,10,7,0.4499999999999999,0.0,0.0,0.13333333333333333,0.3166666666666666,38.7,40.5,0.0
766,10,5,0.3966666666666666,0.0,0.0,0.0,0.3966666666666666,41.9,41.5,0.0
767,10,6,0.5666666666666667,0.0,0.0,0.13333333333333333,0.43333333333333324,44.8,38.0,0.0
768,10,6,0.59,0.0,0.0,0.13333333333333333,0.45666666666666667,45.5,40.5,0.0
769,10,7,0.3733333333333333,0.0,0.0,0.0,0.3733333333333333,42.5,40.5,0.0
770,10,7,0.53,0.0,0.0,0.13333333333333333,0.3966666666666666,41.1,44.0,0.0
771,10,8,0.44000000000000006,0.0,0.0,0.0,0.44000000000000006,44.5,43.5,0.0
772,10,7,0.6633333333333333,0.0,0.0,0.13333333333333333,0.53,49.0,43.5,0.0
773,10,7,0.4366666666666667,0.0,0.0,0.0,0.4366666666666667,44.4,44.0,0.0
774,10,6,0.5433333333333332,0.0,0.0,0.13333333333333333,0.41,41.5,44.5,0.0
775,10,7,0.65,0.0,0.0,0.13333333333333333,0.5166666666666666,47.3,47.0,0.0
776,10,7,0.5833333333333333,0.0,0.0,0.26666666666666666,0.3166666666666666,37.9,39.5,0.0
777,10,6,0.6699999999999999,0.0,0.0,0.26666666666666666,0.4033333333333333,43.1,42.0,0.0
778,10,7,0.5266666666666666,0.0,0.0,0.13333333333333333,0.3933333333333333,41.0,43.0,0.0
779,10,9,0.6,0.0,0.0,0.13333333333333333,0.4666666666666666,44.5,44.5,0.0
780,10,7,0.38999999999999996,0.0,0.0,0.0,0.38999999999999996,41.7,43.0,0.0
781,10,5,0.4833333333333333,0.0,0.0,0.0,0.4833333333333333,45.8,43.0,0.0
782,10,7,0.5,0.0,0.0,0.0,0.5,46.3,44.5,0.0
783,10,7,0.5633333333333332,0.0,0.0,0.13333333333333333,0.43000000000000005,42.1,44.5,0.0
784,10,7,0.5033333333333333,0.0,0.0,0.13333333333333333,0.37,41.6,42.0,0.0
785,10,8,0.6033333333333333,0.0,0.0,0.13333333333333333,0.47000000000000003,45.9,44.0,0.0
786,10,6,0.41666666666666663,0.0,0.0,0.0,0.41666666666666663,43.8,41.5,0.0
787,10,6,0.5066666666666666,0.0,0.0,0.0,0.5066666666666666,47.8,47.0,0.0
788,10,6,0.6133333333333333,0.0,0.0,0.13333333333333333,0.48,44.9,45.0,0.0
789,10,5,0.3533333333333333,0.0,0.0,0.0,0.3533333333333333,41.9,42.0,0.0
790,10,7,0.6699999999999999,0.0,0.0,0.26666666666666666,0.4033333333333333,41.8,42.0,0.0
791,10,7,0.7133333333333333,0.0,0.0,0.26666666666666666,0.44666666666666666,44.4,44.5,0.0
792,10,6,0.6133333333333333,0.0,0.0,0.26666666666666666,0.3466666666666667,38.8,44.5,0.0
793,10,5,0.6399999999999999,0.0,0.0,0.0,0.6399999999999999,51.8,48.0,0.0
794,10,6,0.6733333333333332,0.0,0.0,0.26666666666666666,0.4066666666666666,41.9,44.0,0.0
795,10,6,0.6133333333333333,0.0,0.0,0.26666666666666666,0.3466666666666667,40.1,39.0,0.0
796,10,5,0.5700000000000001,0.0,0.0,0.0,0.5700000000000001,51.0,45.0,0.0
797,10,5,0.7266666666666667,0.0,0.0,0.26666666666666666,0.45999999999999996,44.8,48.0,0.0
798,10,8,0.6033333333333333,0.0,0.0,0.13333333333333333,0.4699999999999999,45.9,43.0,0.0
799,10,8,0.5266666666666666,0.0,0.0,0.0,0.5266666666666666,48.4,46.0,0.0
800,10,8,0.45,0.0,0.0,0.13333333333333333,0.3166666666666667,38.7,40.5,0.0
801,10,7,0.5033333333333332,0.0,0.0,0.0,0.5033333333333332,46.4,47.0,0.0
802,10,6,0.65,0.0,0.0,0.26666666666666666,0.3833333333333333,41.2,44.0,0.0
803,10,9,0.4999999999999999,0.0,0.0,0.13333333333333333,0.36666666666666664,41.5,40.5,0.0
804,10,7,0.5933333333333334,0.0,0.0,0.26666666666666666,0.32666666666666666,38.2,39.5,0.0
805,10,4,0.5499999999999999,0.0,0.0,0.26666666666666666,0.2833333333333333,36.9,39.0,0.0
806,10,7,0.4066666666666666,0.0,0.0,0.0,0.4066666666666666,42.2,44.0,0.0
807,10,5,0.5466666666666666,0.0,0.0,0.0,0.5466666666666666,49.0,44.5,0.0
808,10,7,0.51,0.0,0.0,0.13333333333333333,0.37666666666666665,40.5,40.5,0.0
809,10,6,0.37,0.0,0.0,0.0,0.37,42.4,41.5,0.0
810,10,6,0.5833333333333333,0.0,0.0,0.13333333333333333,0.45,42.7,45.5,0.0
811,10,6,0.5466666666666666,0.0,0.0,0.13333333333333333,0.4133333333333333,41.6,45.0,0.0
812,10,6,0.4966666666666666,0.0,0.0,0.13333333333333333,0.3633333333333333,40.1,40.5,0.0
813,10,6,0.43999999999999995,0.0,0.0,0.13333333333333333,0.30666666666666664,38.4,39.0,0.0
814,10,7,0.65,0.0,0.0,0.13333333333333333,0.5166666666666666,47.3,46.0,0.0
815,10,7,0.6599999999999999,0.0,0.0,0.13333333333333333,0.5266666666666667,46.3,48.0,0.0
816,10,6,0.41,0.0,0.0,0.0,0.41,42.3,45.0,0.0
817,10,7,0.5999999999999999,0.0,0.0,0.13333333333333333,0.4666666666666666,45.8,43.0,0.0
818,10,6,0.43666666666666665,0.0,0.0,0.0,0.43666666666666665,43.1,45.5,0.0
819,10,6,0.45666666666666667,0.0,0.0,0.13333333333333333,0.32333333333333336,38.9,41.5,0.0
820,10,6,0.5533333333333333,0.0,0.0,0.13333333333333333,0.42000000000000004,41.8,44.5,0.0
821,10,6,0.7,0.0,0.0,0.26666666666666666,0.4333333333333333,44.0,41.5,0.0
822,10,5,0.3833333333333333,0.0,0.0,0.0,0.3833333333333333,41.5,42.0,0.0
823,10,6,0.5266666666666667,0.0,0.0,0.13333333333333333,0.3933333333333333,41.0,44.0,0.0
824,10,6,0.6233333333333333,0.0,0.0,0.26666666666666666,0.35666666666666663,39.1,43.0,0.0
825,10,8,0.5866666666666667,0.0,0.0,0.13333333333333333,0.4533333333333333,44.1,44.0,0.0
826,10,6,0.4766666666666667,0.0,0.0,0.0,0.4766666666666667,45.6,44.0,0.0
827,10,6,0.5199999999999999,0.0,0.0,0.0,0.5199999999999999,48.2,44.5,0.0
828,10,6,0.61,0.0,0.0,0.0,0.61,52.2,45.0,0.0
829,10,5,0.65,0.0,0.0,0.0,0.65,54.7,49.0,0.0
830,10,6,0.56,0.0,0.0,0.13333333333333333,0.42666666666666664,42.0,44.5,0.0
831,10,5,0.7033333333333334,0.0,0.0,0.13333333333333333,0.57,51.5,49.0,0.0
832,10,6,0.3866666666666666,0.0,0.0,0.0,0.3866666666666666,41.6,43.0,0.0
833,10,8,0.6166666666666666,0.0,0.0,0.13333333333333333,0.4833333333333334,46.3,44.5,0.0
834,10,5,0.4466666666666666,0.0,0.0,0.26666666666666666,0.18,33.8,34.5,0.0
835,10,6,0.5966666666666667,0.0,0.0,0.26666666666666666,0.32999999999999996,38.3,40.5,0.0
836,10,7,0.5399999999999999,0.0,0.0,0.13333333333333333,0.4066666666666666,41.4,43.5,0.0
837,10,6,0.8033333333333333,0.0,0.0,0.4,0.4033333333333333,41.0,44.5,0.0
838,10,8,0.5833333333333333,0.0,0.0,0.26666666666666666,0.3166666666666666,39.2,38.0,0.0
839,10,6,0.6933333333333334,0.0,0.0,0.26666666666666666,0.42666666666666664,42.5,43.0,0.0
840,10,6,0.5266666666666666,0.0,0.0,0.0,0.5266666666666666,49.7,42.0,0.0
841,10,8,0.49000000000000005,0.0,0.0,0.13333333333333333,0.3566666666666667,41.2,38.0,0.0
842,10,8,0.43,0.0,0.0,0.0,0.43,44.2,44.0,0.0
843,10,6,0.6633333333333333,0.0,0.0,0.13333333333333333,0.53,49.0,46.0,0.0
844,10,7,0.51,0.0,0.0,0.0,0.51,46.6,46.0,0.0
845,10,8,0.4866666666666665,0.0,0.0,0.13333333333333333,0.3533333333333333,39.8,42.0,0.0
846,10,6,0.5700000000000001,0.0,0.0,0.13333333333333333,0.4366666666666667,44.9,38.0,0.0
847,10,6,0.4666666666666666,0.0,0.0,0.0,0.4666666666666666,44.0,44.0,0.0
848,10,7,0.5266666666666666,0.0,0.0,0.13333333333333333,0.39333333333333337,41.0,43.0,0.0
849,10,8,0.5833333333333333,0.0,0.0,0.13333333333333333,0.45,44.0,43.5,0.0
850,10,7,0.4833333333333334,0.0,0.0,0.0,0.4833333333333334,45.8,46.0,0.0
851,10,7,0.7,0.0,0.0,0.26666666666666666,0.4333333333333334,44.0,43.0,0.0
852,10,7,0.5633333333333332,0.0,0.0,0.26666666666666666,0.2966666666666667,37.3,40.5,0.0
853,10,6,0.48,0.0,0.0,0.0,0.48,45.7,44.0,0.0
854,10,8,0.5733333333333333,0.0,0.0,0.13333333333333333,0.44000000000000006,43.7,43.0,0.0
855,10,7,0.54,0.0,0.0,0.13333333333333333,0.4066666666666666,42.7,42.0,0.0
856,10,7,0.7233333333333333,0.0,0.0,0.26666666666666666,0.45666666666666667,44.7,43.5,0.0
857,10,5,0.9400000000000001,0.0,0.0,0.7999999999999999,0.13999999999999999,29.4,22.0,0.0
858,10,6,0.5766666666666668,0.0,0.0,0.0,0.5766666666666668,51.2,45.5,0.0
859,10,6,0.5166666666666666,0.0,0.0,0.13333333333333333,0.3833333333333333,40.7,44.0,0.0
860,10,8,0.5466666666666666,0.0,0.0,0.13333333333333333,0.4133333333333333,42.9,43.5,0.0
861,10,8,0.5533333333333333,0.0,0.0,0.13333333333333333,0.42000000000000004,43.1,44.5,0.0
862,10,5,0.3933333333333333,0.0,0.0,0.0,0.3933333333333333,44.4,39.5,0.0
863,10,7,0.5666666666666667,0.0,0.0,0.13333333333333333,0.4333333333333333,43.5,42.0,0.0
864,10,6,0.5733333333333334,0.0,0.0,0.13333333333333333,0.44000000000000006,45.0,42.0,0.0
865,10,7,0.59,0.0,0.0,0.13333333333333333,0.45666666666666667,45.5,43.0,0.0
866,10,7,0.7466666666666667,0.0,0.0,0.26666666666666666,0.4800000000000001,45.4,43.5,0.0
867,10,7,0.6266666666666667,0.0,0.0,0.13333333333333333,0.49333333333333335,47.9,43.0,0.0
868,10,7,0.5066666666666666,0.0,0.0,0.0,0.5066666666666666,47.8,44.0,0.0
869,10,6,0.6166666666666666,0.0,0.0,0.26666666666666666,0.35,38.9,42.0,0.0
870,10,7,0.6466666666666667,0.0,0.0,0.13333333333333333,0.5133333333333333,47.2,44.0,0.0
871,10,8,0.4533333333333333,0.0,0.0,0.13333333333333333,0.31999999999999995,38.8,39.0,0.0
872,10,6,0.5933333333333333,0.0,0.0,0.4,0.1933333333333333,33.4,37.0,0.0
873,10,5,0.49333333333333335,0.0,0.0,0.0,0.49333333333333335,44.8,46.0,0.0
874,10,7,0.65,0.0,0.0,0.13333333333333333,0.5166666666666667,47.3,45.5,0.0
875,10,6,0.39999999999999997,0.0,0.0,0.0,0.39999999999999997,43.3,39.5,0.0
876,10,8,0.4333333333333333,0.0,0.0,0.13333333333333333,0.29999999999999993,38.2,39.5,0.0
877,10,6,0.5466666666666666,0.0,0.0,0.13333333333333333,0.4133333333333333,41.6,44.0,0.0
878,10,7,0.3733333333333333,0.0,0.0,0.0,0.3733333333333333,42.5,41.5,0.0
879,10,7,0.4533333333333333,0.0,0.0,0.0,0.4533333333333333,43.6,44.5,0.0
880,10,6,0.38666666666666666,0.0,0.0,0.0,0.38666666666666666,42.9,38.0,0.0
881,10,7,0.6433333333333333,0.0,0.0,0.26666666666666666,0.37666666666666665,39.7,44.0,0.0
882,10,7,0.38999999999999996,0.0,0.0,0.0,0.38999999999999996,43.0,39.0,0.0
883,10,6,0.7533333333333332,0.0,0.0,0.4,0.35333333333333333,40.8,38.0,0.0
884,10,5,0.32999999999999996,0.0,0.0,0.0,0.32999999999999996,39.9,41.5,0.0
885,10,5,0.4333333333333333,0.0,0.0,0.0,0.4333333333333333,44.3,44.5,0.0
886,10,6,0.6133333333333334,0.0,0.0,0.26666666666666666,0.3466666666666667,38.8,42.0,0.0
887,10,5,0.44000000000000006,0.0,0.0,0.0,0.44000000000000006,44.5,44.5,0.0
888,10,9,0.5833333333333334,0.0,0.0,0.13333333333333333,0.45,44.0,44.5,0.0
889,10,8,0.58,0.0,0.0,0.13333333333333333,0.44666666666666666,43.9,44.5,0.0
890,10,6,0.5033333333333333,0.0,0.0,0.13333333333333333,0.37,40.3,42.0,0.0
891,10,8,0.4333333333333334,0.0,0.0,0.0,0.4333333333333334,44.3,43.0,0.0
892,10,7,0.5066666666666666,0.0,0.0,0.13333333333333333,0.37333333333333324,40.4,42.0,0.0
893,10,7,0.5933333333333334,0.0,0.0,0.26666666666666666,0.3266666666666666,38.2,42.0,0.0
894,10,5,0.9,0.0,0.0,0.4,0.5,47.8,44.0,0.0
895,10,8,0.4966666666666667,0.0,0.0,0.13333333333333333,0.36333333333333334,40.1,42.0,0.0
896,10,6,0.38,0.0,0.0,0.0,0.38,41.4,42.0,0.0
897,10,6,0.32333333333333336,0.0,0.0,0.0,0.32333333333333336,39.7,38.0,0.0
898,10,7,0.5866666666666666,0.0,0.0,0.26666666666666666,0.31999999999999995,39.3,39.5,0.0
899,10,7,0.6799999999999999,0.0,0.0,0.13333333333333333,0.5466666666666666,49.5,47.0,0.0
900,10,5,0.5533333333333333,0.0,0.0,0.0,0.5533333333333333,49.2,48.0,0.0
901,10,5,0.4766666666666667,0.0,0.0,0.0,0.4766666666666667,44.3,45.0,0.0
902,10,5,0.5133333333333333,0.0,0.0,0.13333333333333333,0.38,40.6,43.0,0.0
903,10,7,0.38999999999999996,0.0,0.0,0.13333333333333333,0.25666666666666665,36.9,38.0,0.0
904,10,6,0.6499999999999999,0.0,0.0,0.26666666666666666,0.38333333333333336,41.2,39.5,0.0
905,10,7,0.66,0.0,0.0,0.26666666666666666,0.39333333333333337,42.8,40.5,0.0
906,10,6,0.39,0.0,0.0,0.0,0.39,41.7,40.5,0.0
907,10,7,0.5766666666666665,0.0,0.0,0.0,0.5766666666666665,49.9,47.0,0.0
908,10,6,0.7866666666666665,0.0,0.0,0.26666666666666666,0.5199999999999999,46.6,47.0,0.0
909,10,6,0.37333333333333324,0.0,0.0,0.13333333333333333,0.23999999999999994,36.4,34.5,0.0
910,10,5,0.45666666666666667,0.0,0.0,0.0,0.45666666666666667,46.3,42.0,0.0
911,10,6,0.43666666666666665,0.0,0.0,0.0,0.43666666666666665,44.4,43.0,0.0
912,10,6,0.6466666666666667,0.0,0.0,0.26666666666666666,0.38,42.4,40.5,0.0
913,10,6,0.5966666666666666,0.0,0.0,0.26666666666666666,0.32999999999999996,39.6,39.0,0.0
914,10,7,0.51,0.0,0.0,0.0,0.51,46.6,44.5,0.0
915,10,7,0.6699999999999999,0.0,0.0,0.13333333333333333,0.5366666666666666,47.9,44.5,0.0
916,10,4,0.5033333333333333,0.0,0.0,0.26666666666666666,0.23666666666666664,35.5,39.0,0.0
917,10,8,0.64,0.0,0.0,0.13333333333333333,0.5066666666666667,47.0,44.0,0.0
918,10,6,0.4833333333333332,0.0,0.0,0.13333333333333333,0.35,41.0,39.5,0.0
919,10,7,0.6900000000000001,0.0,0.0,0.26666666666666666,0.42333333333333334,42.4,45.0,0.0
920,10,4,0.6,0.0,0.0,0.26666666666666666,0.3333333333333333,38.4,39.0,0.0
921,10,6,0.5633333333333332,0.0,0.0,0.26666666666666666,0.2966666666666667,37.3,39.5,0.0
922,10,7,0.5166666666666667,0.0,0.0,0.0,0.5166666666666667,46.8,45.0,0.0
923,10,5,0.4533333333333333,0.0,0.0,0.0,0.4533333333333333,43.6,44.0,0.0
924,10,7,0.5066666666666666,0.0,0.0,0.26666666666666666,0.23999999999999994,35.6,38.0,0.0
925,10,6,0.38,0.0,0.0,0.0,0.38,41.4,42.0,0.0
926,10,7,0.3633333333333333,0.0,0.0,0.0,0.3633333333333333,40.9,41.5,0.0
927,10,7,0.7066666666666666,0.0,0.0,0.26666666666666666,0.44000000000000006,44.2,43.5,0.0
928,10,6,0.5933333333333333,0.0,0.0,0.0,0.5933333333333333,51.7,48.0,0.0
929,10,9,0.5833333333333334,0.0,0.0,0.26666666666666666,0.31666666666666665,37.9,40.5,0.0
930,10,6,0.43333333333333324,0.0,0.0,0.0,0.43333333333333324,43.0,43.0,0.0
931,10,6,0.5799999999999998,0.0,0.0,0.13333333333333333,0.44666666666666666,42.6,45.5,0.0
932,10,8,0.6033333333333333,0.0,0.0,0.13333333333333333,0.4699999999999999,44.6,45.5,0.0
933,10,7,0.4999999999999999,0.0,0.0,0.13333333333333333,0.3666666666666666,40.2,42.0,0.0
934,10,8,0.61,0.0,0.0,0.13333333333333333,0.4766666666666667,46.1,43.5,0.0
935,10,6,0.55,0.0,0.0,0.0,0.55,49.1,47.0,0.0
936,10,4,0.6933333333333332,0.0,0.0,0.4,0.29333333333333333,37.7,37.0,0.0
937,10,6,0.42666666666666664,0.0,0.0,0.0,0.42666666666666664,44.1,43.5,0.0
938,10,6,0.45666666666666667,0.0,0.0,0.0,0.45666666666666667,45.0,43.5,0.0
939,10,8,0.44333333333333336,0.0,0.0,0.0,0.44333333333333336,43.3,44.5,0.0
940,10,7,0.6199999999999999,0.0,0.0,0.26666666666666666,0.35333333333333333,39.0,43.5,0.0
941,10,7,0.5666666666666667,0.0,0.0,0.0,0.5666666666666667,49.6,46.0,0.0
942,10,6,0.5,0.0,0.0,0.13333333333333333,0.36666666666666664,40.2,41.5,0.0
943,10,6,0.61,0.0,0.0,0.0,0.61,50.9,46.0,0.0
944,10,8,0.5466666666666666,0.0,0.0,0.13333333333333333,0.4133333333333333,42.9,41.5,0.0
945,10,7,0.36666666666666664,0.0,0.0,0.0,0.36666666666666664,42.3,38.0,0.0
946,10,7,0.62,0.0,0.0,0.26666666666666666,0.3533333333333333,39.0,43.5,0.0
947,10,6,0.42666666666666664,0.0,0.0,0.0,0.42666666666666664,44.1,42.0,0.0
948,10,6,0.45,0.0,0.0,0.0,0.45,46.1,44.0,0.0
949,10,9,0.5733333333333334,0.0,0.0,0.13333333333333333,0.44000000000000006,43.7,44.0,0.0
950,10,8,0.6866666666666666,0.0,0.0,0.26666666666666666,0.42000000000000004,42.3,44.5,0.0
951,10,6,0.7733333333333332,0.0,0.0,0.4,0.37333333333333335,40.1,41.5,0.0
952,10,6,0.5866666666666666,0.0,0.0,0.13333333333333333,0.4533333333333333,42.8,44.0,0.0
953,10,5,0.36,0.0,0.0,0.0,0.36,42.1,39.0,0.0
954,10,6,0.7133333333333334,0.0,0.0,0.13333333333333333,0.5800000000000001,51.8,47.0,0.0
955,10,5,0.4966666666666667,0.0,0.0,0.0,0.4966666666666667,47.5,44.0,0.0
956,10,5,0.7633333333333333,0.0,0.0,0.5333333333333333,0.22999999999999998,33.7,35.5,0.0
957,10,6,0.5199999999999999,0.0,0.0,0.13333333333333333,0.3866666666666666,40.8,43.5,0.0
958,10,8,0.6599999999999999,0.0,0.0,0.26666666666666666,0.3933333333333333,41.5,43.0,0.0
959,10,8,0.52,0.0,0.0,0.13333333333333333,0.38666666666666666,40.8,43.0,0.0
960,10,7,0.5533333333333333,0.0,0.0,0.0,0.5533333333333333,47.9,48.0,0.0
961,10,5,0.6266666666666667,0.0,0.0,0.13333333333333333,0.49333333333333335,45.3,46.5,0.0
962,10,8,0.5033333333333333,0.0,0.0,0.13333333333333333,0.37,40.3,43.0,0.0
963,10,5,0.6433333333333333,0.0,0.0,0.26666666666666666,0.37666666666666665,42.3,40.5,0.0
964,10,6,0.5066666666666666,0.0,0.0,0.13333333333333333,0.3733333333333333,40.4,42.0,0.0
965,10,6,0.5833333333333333,0.0,0.0,0.26666666666666666,0.31666666666666665,37.9,39.5,0.0
966,10,7,0.5,0.0,0.0,0.0,0.5,47.6,44.5,0.0
967,10,5,0.5666666666666667,0.0,0.0,0.0,0.5666666666666667,49.6,44.5,0.0
968,10,6,0.4533333333333333,0.0,0.0,0.0,0.4533333333333333,44.9,43.5,0.0
969,10,7,0.5066666666666666,0.0,0.0,0.0,0.5066666666666666,46.5,46.0,0.0
970,10,6,0.5666666666666667,0.0,0.0,0.0,0.5666666666666667,50.9,45.0,0.0
971,10,7,0.5433333333333333,0.0,0.0,0.13333333333333333,0.41,42.8,41.5,0.0
972,10,7,0.42333333333333334,0.0,0.0,0.13333333333333333,0.29,37.9,40.5,0.0
973,10,7,0.5333333333333333,0.0,0.0,0.26666666666666666,0.2666666666666666,36.4,35.5,0.0
974,10,6,0.36666666666666664,0.0,0.0,0.0,0.36666666666666664,41.0,44.0,0.0
975,10,6,0.35,0.0,0.0,0.0,0.35,40.5,43.0,0.0
976,10,7,0.5,0.0,0.0,0.13333333333333333,0.36666666666666664,40.2,43.0,0.0
977,10,5,0.5333333333333333,0.0,0.0,0.13333333333333333,0.4,41.2,42.0,0.0
978,10,6,0.43666666666666665,0.0,0.0,0.13333333333333333,0.3033333333333333,38.3,39.0,0.0
979,10,8,0.47333333333333333,0.0,0.0,0.13333333333333333,0.33999999999999997,40.7,38.0,0.0
980,10,6,0.38,0.0,0.0,0.0,0.38,41.4,42.0,0.0
981,10,8,0.47999999999999987,0.0,0.0,0.13333333333333333,0.3466666666666666,39.6,43.0,0.0
982,10,8,0.6566666666666666,0.0,0.0,0.26666666666666666,0.39,41.4,43.5,0.0
983,10,9,0.6,0.0,0.0,0.13333333333333333,0.4666666666666666,44.5,44.5,0.0
984,10,9,0.4800000000000001,0.0,0.0,0.13333333333333333,0.3466666666666666,39.6,40.5,0.0
985,10,7,0.3766666666666666,0.0,0.0,0.0,0.3766666666666666,41.3,43.5,0.0
986,10,6,0.29999999999999993,0.0,0.0,0.0,0.29999999999999993,39.0,39.0,0.0
987,10,7,0.48999999999999994,0.0,0.0,0.13333333333333333,0.35666666666666663,39.9,40.5,0.0
988,10,7,0.6366666666666666,0.0,0.0,0.26666666666666666,0.37,40.8,43.0,0.0
989,10,6,0.45,0.0,0.0,0.0,0.45,44.8,42.0,0.0
990,10,6,0.32999999999999996,0.0,0.0,0.13333333333333333,0.19666666666666663,35.1,34.5,0.0
991,10,9,0.5,0.0,0.0,0.13333333333333333,0.3666666666666666,41.5,40.5,0.0
992,10,6,0.37333333333333324,0.0,0.0,0.0,0.37333333333333324,42.5,40.5,0.0
993,10,4,0.6566666666666666,0.0,0.0,0.0,0.6566666666666666,54.9,45.0,0.0
994,10,7,0.5733333333333334,0.0,0.0,0.13333333333333333,0.43999999999999995,43.7,43.0,0.0
995,10,8,0.59,0.0,0.0,0.13333333333333333,0.45666666666666667,44.2,44.5,0.0
996,10,6,0.43666666666666665,0.0,0.0,0.13333333333333333,0.30333333333333334,38.3,38.0,0.0
997,10,6,0.4733333333333333,0.0,0.0,0.13333333333333333,0.33999999999999997,39.4,41.5,0.0
998,10,8,0.47333333333333333,0.0,0.0,0.0,0.47333333333333333,45.5,44.5,0.0
999,10,7,0.7033333333333334,0.0,0.0,0.4,0.30333333333333334,36.7,41.5,0.0
