horizon,model,representation,window,include_settings,class_weight,C,n_features,train_positive_rate,tune_positive_rate,tune_PR_AUC,tune_Brier,fit_time_seconds,inference_us_per_row
10,logistic,baseline,,False,none,0.1,15,0.05307782449851796,0.053684724255734506,0.9399155003434917,0.011016032965130377,0.019622513998911018,0.16498779897692714
10,logistic,baseline,,False,none,1.0,15,0.05307782449851796,0.053684724255734506,0.9371010301874585,0.011271613228352823,0.027691270001014345,0.16037628132797208
10,logistic,baseline,,False,none,10.0,15,0.05307782449851796,0.053684724255734506,0.9364269376919567,0.011330044701529764,0.022971985999902245,0.2555563688670397
10,logistic,baseline,,False,balanced,0.1,15,0.05307782449851796,0.053684724255734506,0.9448406692316128,0.15085174273673777,0.021072446999824024,0.19244070302154379
10,logistic,baseline,,False,balanced,1.0,15,0.05307782449851796,0.053684724255734506,0.9448546378306163,0.06404583566647984,0.027168025000719354,0.17740336752263375
10,logistic,baseline,,False,balanced,10.0,15,0.05307782449851796,0.053684724255734506,0.9447952898568587,0.03885621659654932,0.032337462000214146,0.24743533443179794
10,logistic,baseline,,True,none,0.1,17,0.05307782449851796,0.053684724255734506,0.9391965571002989,0.011214379673643672,0.02088469900081691,0.18061810637874917
10,logistic,baseline,,True,none,1.0,17,0.05307782449851796,0.053684724255734506,0.9364845618452554,0.011467869911431791,0.03691457199965953,0.14734480243757786
10,logistic,baseline,,True,none,10.0,17,0.05307782449851796,0.053684724255734506,0.9355773641128055,0.011525536086500823,0.03964533399994252,0.2060600288632508
10,logistic,baseline,,True,balanced,0.1,17,0.05307782449851796,0.053684724255734506,0.9444048770202574,0.1508437435844377,0.11072953300026711,0.40357491468184953
10,logistic,baseline,,True,balanced,1.0,17,0.05307782449851796,0.053684724255734506,0.9443555333345313,0.06401576985566254,0.030370418000529753,0.19725329445791145
10,logistic,baseline,,True,balanced,10.0,17,0.05307782449851796,0.053684724255734506,0.9441297425012598,0.03878885814990878,0.03467496499979461,0.18940800425723006
10,logistic,window,5.0,False,none,0.1,121,0.05307782449851796,0.053684724255734506,0.9452068798577895,0.010764764330162008,0.18538927199915634,0.30967862352351816
10,logistic,window,5.0,False,none,1.0,121,0.05307782449851796,0.053684724255734506,0.9384398843991955,0.01167691708762577,0.2789946580014657,0.2875544165338984
10,logistic,window,5.0,False,none,10.0,121,0.05307782449851796,0.053684724255734506,0.9325014008912381,0.012610883205894484,0.8485129720011173,0.5318897020990966
10,logistic,window,5.0,False,balanced,0.1,121,0.05307782449851796,0.053684724255734506,0.9611196207686253,0.07568105206454125,0.08710189299927151,0.811604441199763
10,logistic,window,5.0,False,balanced,1.0,121,0.05307782449851796,0.053684724255734506,0.9610901774843857,0.04126476587632706,0.10643836600138457,0.48417471954652996
10,logistic,window,5.0,False,balanced,10.0,121,0.05307782449851796,0.053684724255734506,0.960390418242851,0.026064779704018978,0.13139493800008495,0.35847901409788363
10,logistic,window,5.0,True,none,0.1,123,0.05307782449851796,0.053684724255734506,0.9450453537232615,0.010906004049650754,0.19487904200104822,0.3201281113170879
10,logistic,window,5.0,True,none,1.0,123,0.05307782449851796,0.053684724255734506,0.9380833692430711,0.011870064697087642,0.3369139009992068,0.3808038070590657
10,logistic,window,5.0,True,none,10.0,123,0.05307782449851796,0.053684724255734506,0.9315665536828095,0.012788960023382978,1.0604549590007082,0.3273928744674457
10,logistic,window,5.0,True,balanced,0.1,123,0.05307782449851796,0.053684724255734506,0.961131384644076,0.07567608473510534,0.0819314670006861,1.2717493901339385
10,logistic,window,5.0,True,balanced,1.0,123,0.05307782449851796,0.053684724255734506,0.9610789311204256,0.04124951262791062,0.10700600199925248,0.38641532456362326
10,logistic,window,5.0,True,balanced,10.0,123,0.05307782449851796,0.053684724255734506,0.9603052882794009,0.026031621012939554,0.11857227499967848,0.37091019985275914
10,logistic,window,15.0,False,none,0.1,121,0.05307782449851796,0.053684724255734506,0.9581715682649191,0.009755391443985626,0.1487995689985837,0.293262079035956
10,logistic,window,15.0,False,none,1.0,121,0.05307782449851796,0.053684724255734506,0.9368143793201331,0.01024531780193191,0.304857045000972,0.5247903857557985
10,logistic,window,15.0,False,none,10.0,121,0.05307782449851796,0.053684724255734506,0.9479875148427677,0.009564425235732301,0.6361942029998318,0.2919968276472354
10,logistic,window,15.0,False,balanced,0.1,121,0.05307782449851796,0.053684724255734506,0.9544767773111509,0.07600388811713278,0.0496930750014144,0.3559917036632634
10,logistic,window,15.0,False,balanced,1.0,121,0.05307782449851796,0.053684724255734506,0.9563259465617717,0.04126447176915521,0.06139279400122177,0.3640661297131147
10,logistic,window,15.0,False,balanced,10.0,121,0.05307782449851796,0.053684724255734506,0.9584293613077177,0.024911892035351917,0.08842756800004281,0.3620463643605871
10,logistic,window,15.0,True,none,0.1,123,0.05307782449851796,0.053684724255734506,0.9573569158629952,0.009812903191522317,0.13716777800073032,0.33482918500816294
10,logistic,window,15.0,True,none,1.0,123,0.05307782449851796,0.053684724255734506,0.9356348245828165,0.010295109805414315,0.356469226999252,0.3340490480618501
10,logistic,window,15.0,True,none,10.0,123,0.05307782449851796,0.053684724255734506,0.9479108135641916,0.009591258170041164,0.8678959219996614,0.9854702294304802
10,logistic,window,15.0,True,balanced,0.1,123,0.05307782449851796,0.053684724255734506,0.9546327741567056,0.07599854059789558,0.14079186199887772,0.34390458743306235
10,logistic,window,15.0,True,balanced,1.0,123,0.05307782449851796,0.053684724255734506,0.956673350232043,0.04124910390378071,0.10799637899981462,0.4520104931268999
10,logistic,window,15.0,True,balanced,10.0,123,0.05307782449851796,0.053684724255734506,0.9589215977926777,0.02488542322559154,0.14180379300159984,0.611153245744212
10,logistic,window,30.0,False,none,0.1,121,0.05307782449851796,0.053684724255734506,0.9663148697142608,0.007661358765077915,0.18747844099925715,0.7264597363988294
10,logistic,window,30.0,False,none,1.0,121,0.05307782449851796,0.053684724255734506,0.933346433371844,0.008591623521435538,0.4760630110013153,0.5431734992552202
10,logistic,window,30.0,False,none,10.0,121,0.05307782449851796,0.053684724255734506,0.9097435997457801,0.010287535151150488,1.021022560998972,0.33907076602007624
10,logistic,window,30.0,False,balanced,0.1,121,0.05307782449851796,0.053684724255734506,0.9505954372497825,0.07701539059086424,0.0858200559996476,0.6406908248327734
10,logistic,window,30.0,False,balanced,1.0,121,0.05307782449851796,0.053684724255734506,0.9607449208511483,0.04043408640333594,0.1540597639996122,0.4645541725902836
10,logistic,window,30.0,False,balanced,10.0,121,0.05307782449851796,0.053684724255734506,0.9683336297184296,0.02344545445563444,0.14029467100044712,0.42716300643673355
10,logistic,window,30.0,True,none,0.1,123,0.05307782449851796,0.053684724255734506,0.9662783527034631,0.007695887541912832,0.17471014900002046,0.30415226961142305
10,logistic,window,30.0,True,none,1.0,123,0.05307782449851796,0.053684724255734506,0.9313717065384194,0.008562595928129439,0.4371356650008238,0.48123840902183274
10,logistic,window,30.0,True,none,10.0,123,0.05307782449851796,0.053684724255734506,0.9101767270308553,0.01023191718856941,1.0061639010000363,0.5156783798311007
10,logistic,window,30.0,True,balanced,0.1,123,0.05307782449851796,0.053684724255734506,0.9504728361867456,0.07700975965421943,0.15834494800037646,2.1242025376944325
10,logistic,window,30.0,True,balanced,1.0,123,0.05307782449851796,0.053684724255734506,0.9609392833307842,0.04042141205289586,0.1796666019999975,0.4325151293054839
10,logistic,window,30.0,True,balanced,10.0,123,0.05307782449851796,0.053684724255734506,0.9687134873218175,0.023449529030778817,0.14227724200100056,0.4102122987105044
20,logistic,baseline,,False,none,0.1,15,0.10133039222444337,0.10248901903367497,0.9615072745363507,0.01728782014961871,0.03165536000051361,0.1646927769168945
20,logistic,baseline,,False,none,1.0,15,0.10133039222444337,0.10248901903367497,0.9609706118483998,0.017402278346176078,0.036017537999214255,0.1607308444418338
20,logistic,baseline,,False,none,10.0,15,0.10133039222444337,0.10248901903367497,0.9608270551238474,0.01742787341319269,0.019887309001205722,0.13871181081586054
20,logistic,baseline,,False,balanced,0.1,15,0.10133039222444337,0.10248901903367497,0.960305626498245,0.15939601787066243,0.034766857999784406,0.19683626161962897
20,logistic,baseline,,False,balanced,1.0,15,0.10133039222444337,0.10248901903367497,0.9608136322178766,0.0650674556779908,0.02783029300007911,0.2135468520916507
20,logistic,baseline,,False,balanced,10.0,15,0.10133039222444337,0.10248901903367497,0.9615000982557558,0.03857926100786252,0.031773513999723946,0.20830453883455075
20,logistic,baseline,,True,none,0.1,17,0.10133039222444337,0.10248901903367497,0.9611107721849282,0.01743121328222461,0.031107308001082856,0.17120058524870396
20,logistic,baseline,,True,none,1.0,17,0.10133039222444337,0.10248901903367497,0.9605867605890628,0.017561238464389978,0.026986545999534428,0.36231844797884416
20,logistic,baseline,,True,none,10.0,17,0.10133039222444337,0.10248901903367497,0.9604394116917243,0.017588625880700808,0.031766751999384724,0.2362264518526834
20,logistic,baseline,,True,balanced,0.1,17,0.10133039222444337,0.10248901903367497,0.9603338133104117,0.15939134858372092,0.019356012999196537,0.17268814040145555
20,logistic,baseline,,True,balanced,1.0,17,0.10133039222444337,0.10248901903367497,0.9607637416992388,0.06505548110129562,0.02731828600008157,0.1704270371454136
20,logistic,baseline,,True,balanced,10.0,17,0.10133039222444337,0.10248901903367497,0.9614638078219991,0.038545098489682954,0.03321899299953657,0.4339907269776249
20,logistic,window,5.0,False,none,0.1,121,0.10133039222444337,0.10248901903367497,0.965562767933367,0.01615276847418473,0.11772724300135451,0.34515836960089513
20,logistic,window,5.0,False,none,1.0,121,0.10133039222444337,0.10248901903367497,0.9643929934550111,0.016265691998936606,0.31638105300044117,0.2857220594668881
20,logistic,window,5.0,False,none,10.0,121,0.10133039222444337,0.10248901903367497,0.9624729695541903,0.016546253499092056,0.9603424639990408,0.3096652025953567
20,logistic,window,5.0,False,balanced,0.1,121,0.10133039222444337,0.10248901903367497,0.9679024757863122,0.07879972731047749,0.06550410199997714,0.35039092254613696
20,logistic,window,5.0,False,balanced,1.0,121,0.10133039222444337,0.10248901903367497,0.9685058686130159,0.041124284624451064,0.09161098199911066,0.5747986825021905
20,logistic,window,5.0,False,balanced,10.0,121,0.10133039222444337,0.10248901903367497,0.9685734417211316,0.030034439504987735,0.1197487760000513,0.7090390436235111
20,logistic,window,5.0,True,none,0.1,123,0.10133039222444337,0.10248901903367497,0.9655583006562221,0.016166489335705816,0.19265421900126967,0.7128106395863354
20,logistic,window,5.0,True,none,1.0,123,0.10133039222444337,0.10248901903367497,0.9644079368850801,0.016253995303336464,0.3395959909994417,0.312956564049766
20,logistic,window,5.0,True,none,10.0,123,0.10133039222444337,0.10248901903367497,0.9625583725890003,0.016517958820113966,0.960354416998598,0.3387840412682233
20,logistic,window,5.0,True,balanced,0.1,123,0.10133039222444337,0.10248901903367497,0.9678884754509794,0.07879747103363438,0.08083690499915974,0.35402122990523904
20,logistic,window,5.0,True,balanced,1.0,123,0.10133039222444337,0.10248901903367497,0.9685163288209858,0.041114116716518094,0.11012566200042784,0.4140724743083606
20,logistic,window,5.0,True,balanced,10.0,123,0.10133039222444337,0.10248901903367497,0.9685563232192121,0.029994241157383462,0.09283241800039832,0.40861371418454046
20,logistic,window,15.0,False,none,0.1,121,0.10133039222444337,0.10248901903367497,0.964844682767989,0.016943173715952983,0.16760161399906792,0.31286285990700735
20,logistic,window,15.0,False,none,1.0,121,0.10133039222444337,0.10248901903367497,0.9643511275908071,0.016550498530528163,0.30368914700011373,0.3991930211417872
20,logistic,window,15.0,False,none,10.0,121,0.10133039222444337,0.10248901903367497,0.9641541150107443,0.01384776155360378,0.8958558550002635,0.5513904341142282
20,logistic,window,15.0,False,balanced,0.1,121,0.10133039222444337,0.10248901903367497,0.961228828774262,0.07992172379727261,0.08690416900026321,0.3478645682008494
20,logistic,window,15.0,False,balanced,1.0,121,0.10133039222444337,0.10248901903367497,0.9630833093267291,0.04227495332536374,0.07063175999974192,0.4157742804906973
20,logistic,window,15.0,False,balanced,10.0,121,0.10133039222444337,0.10248901903367497,0.9657862236986242,0.029187378731556277,0.0830730069992569,0.3784814547279099
20,logistic,window,15.0,True,none,0.1,123,0.10133039222444337,0.10248901903367497,0.9649761659386941,0.01695878674347264,0.1287831539993931,0.2878494390378035
20,logistic,window,15.0,True,none,1.0,123,0.10133039222444337,0.10248901903367497,0.9647598351546437,0.016561079417244592,0.37613292199966963,0.2806864323207778
20,logistic,window,15.0,True,none,10.0,123,0.10133039222444337,0.10248901903367497,0.9640599749922247,0.013850216936445439,1.3017813129990827,0.5191593462959072
20,logistic,window,15.0,True,balanced,0.1,123,0.10133039222444337,0.10248901903367497,0.9612253323487808,0.07991942418716926,0.06816099599927838,0.4663211321500264
20,logistic,window,15.0,True,balanced,1.0,123,0.10133039222444337,0.10248901903367497,0.9630737541163769,0.04226546894942832,0.10107895600049233,0.39103806730360474
20,logistic,window,15.0,True,balanced,10.0,123,0.10133039222444337,0.10248901903367497,0.9657681024813463,0.02915203180112077,0.11039189999974042,0.3836093216814831
20,logistic,window,30.0,False,none,0.1,121,0.10133039222444337,0.10248901903367497,0.983082720321703,0.010646069645510679,0.20641021299888962,1.669449975745109
20,logistic,window,30.0,False,none,1.0,121,0.10133039222444337,0.10248901903367497,0.961621546278908,0.011461592053462063,0.3632772410001053,0.7083814057151708
20,logistic,window,30.0,False,none,10.0,121,0.10133039222444337,0.10248901903367497,0.9620220062516924,0.01168675338224114,0.717624506998618,0.30128135703786574
20,logistic,window,30.0,False,balanced,0.1,121,0.10133039222444337,0.10248901903367497,0.9568829587903818,0.08182769919066464,0.08321247699859669,0.7320815033627128
20,logistic,window,30.0,False,balanced,1.0,121,0.10133039222444337,0.10248901903367497,0.9667851624296672,0.041964200787887915,0.07959644899892737,0.48046461678868096
20,logistic,window,30.0,False,balanced,10.0,121,0.10133039222444337,0.10248901903367497,0.9788948516871149,0.026126356479557872,0.09429850800006534,1.0235678381587685
20,logistic,window,30.0,True,none,0.1,123,0.10133039222444337,0.10248901903367497,0.9830297291565929,0.01061799898468276,0.17103517800023837,0.6580795508001696
20,logistic,window,30.0,True,none,1.0,123,0.10133039222444337,0.10248901903367497,0.9619810056123758,0.011390140793207859,0.3723233529999561,0.29577720829021714
20,logistic,window,30.0,True,none,10.0,123,0.10133039222444337,0.10248901903367497,0.9621736446663318,0.011636957429192319,0.8012289710004552,0.3711708146940009
20,logistic,window,30.0,True,balanced,0.1,123,0.10133039222444337,0.10248901903367497,0.9568871150098222,0.08182524771839873,0.10492605099898356,0.3922942898823064
20,logistic,window,30.0,True,balanced,1.0,123,0.10133039222444337,0.10248901903367497,0.966739235036215,0.041954776752285095,0.11210564900102327,0.46548243066933
20,logistic,window,30.0,True,balanced,10.0,123,0.10133039222444337,0.10248901903367497,0.9787858997763514,0.02608552097532303,0.1080906799998047,0.3706312837054907
30,logistic,baseline,,False,none,0.1,15,0.1495829599503688,0.15129331381161543,0.966417288166186,0.023513774257097515,0.017483765999713796,0.1594184968518725
30,logistic,baseline,,False,none,1.0,15,0.1495829599503688,0.15129331381161543,0.9662606345003937,0.023473035768130195,0.020457054999496904,0.21739873082519964
30,logistic,baseline,,False,none,10.0,15,0.1495829599503688,0.15129331381161543,0.9662635532698768,0.023471552986773375,0.027905490000193822,0.24955002457639108
30,logistic,baseline,,False,balanced,0.1,15,0.1495829599503688,0.15129331381161543,0.9609424068834781,0.168305007081231,0.021693087001040112,0.16474158113941995
30,logistic,baseline,,False,balanced,1.0,15,0.1495829599503688,0.15129331381161543,0.9624039002474054,0.07060978969762426,0.10416425699986576,0.1836859443075655
30,logistic,baseline,,False,balanced,10.0,15,0.1495829599503688,0.15129331381161543,0.9642333291239537,0.043435304234657246,0.04914519100020698,0.1820883358571746
30,logistic,baseline,,True,none,0.1,17,0.1495829599503688,0.15129331381161543,0.9660853911461804,0.023642012434329895,0.018025886000032187,0.15693899457796426
30,logistic,baseline,,True,none,1.0,17,0.1495829599503688,0.15129331381161543,0.9659686394306272,0.023599781119260366,0.0202724760001729,0.1840129331755202
30,logistic,baseline,,True,none,10.0,17,0.1495829599503688,0.15129331381161543,0.9659397238486439,0.02359841756715711,0.02666557300108252,0.1728626160185342
30,logistic,baseline,,True,balanced,0.1,17,0.1495829599503688,0.15129331381161543,0.960871452051869,0.16830253663637595,0.02619252300064545,0.19219472931389797
30,logistic,baseline,,True,balanced,1.0,17,0.1495829599503688,0.15129331381161543,0.9623365464451173,0.0706064910426159,0.02605849099927582,0.18496998570590809
30,logistic,baseline,,True,balanced,10.0,17,0.1495829599503688,0.15129331381161543,0.9638744184778625,0.04350235349477451,0.02612531000158924,0.19329746212227802
30,logistic,window,5.0,False,none,0.1,121,0.1495829599503688,0.15129331381161543,0.9648392692734008,0.023506929759704514,0.1447644100007892,0.5652371891154379
30,logistic,window,5.0,False,none,1.0,121,0.1495829599503688,0.15129331381161543,0.9673458488679023,0.02246168674734413,0.31764891400052875,0.2838423620687758
30,logistic,window,5.0,False,none,10.0,121,0.1495829599503688,0.15129331381161543,0.9680159570609594,0.022206407486982684,1.0961866150009882,0.66648438264829
30,logistic,window,5.0,False,balanced,0.1,121,0.1495829599503688,0.15129331381161543,0.9664806288959203,0.08559232308849708,0.07179746899964812,0.5234033677186894
30,logistic,window,5.0,False,balanced,1.0,121,0.1495829599503688,0.15129331381161543,0.9680431349832832,0.045554251775739185,0.07177397099985683,0.43198682296412766
30,logistic,window,5.0,False,balanced,10.0,121,0.1495829599503688,0.15129331381161543,0.9680906615064143,0.03691879686832552,0.07593801099937991,1.3420346510956103
30,logistic,window,5.0,True,none,0.1,123,0.1495829599503688,0.15129331381161543,0.9645514670922665,0.023637821074555178,0.2153273870007979,0.3621566617880878
30,logistic,window,5.0,True,none,1.0,123,0.1495829599503688,0.15129331381161543,0.9671778919288216,0.0225693570624874,0.3117218639999919,0.581128355488363
30,logistic,window,5.0,True,none,10.0,123,0.1495829599503688,0.15129331381161543,0.9678306095307128,0.022272860742369314,0.9496626780000952,0.3157645190830523
30,logistic,window,5.0,True,balanced,0.1,123,0.1495829599503688,0.15129331381161543,0.9664640271441889,0.08559246605935146,0.08562524400076654,0.4066117618783168
30,logistic,window,5.0,True,balanced,1.0,123,0.1495829599503688,0.15129331381161543,0.9679655077111218,0.045561279530122165,0.06765291599913326,0.3648116153107752
30,logistic,window,5.0,True,balanced,10.0,123,0.1495829599503688,0.15129331381161543,0.9678510220271523,0.03695472618313305,0.2700114870003745,0.48891874067517715
30,logistic,window,15.0,False,none,0.1,121,0.1495829599503688,0.15129331381161543,0.9757862963131161,0.01936327567218447,0.2051147830006812,0.5793701806087777
30,logistic,window,15.0,False,none,1.0,121,0.1495829599503688,0.15129331381161543,0.9767766323161347,0.019027308511666785,0.35003048299950024,0.5629843827237031
30,logistic,window,15.0,False,none,10.0,121,0.1495829599503688,0.15129331381161543,0.9758378211811546,0.01824140518404104,0.9560888200012414,0.3660224501533934
30,logistic,window,15.0,False,balanced,0.1,121,0.1495829599503688,0.15129331381161543,0.9601275769978492,0.08678551491084752,0.14513809399977617,0.41117398748889616
30,logistic,window,15.0,False,balanced,1.0,121,0.1495829599503688,0.15129331381161543,0.9641377720689552,0.04689472805416733,0.13829681899915158,0.42290580777177883
30,logistic,window,15.0,False,balanced,10.0,121,0.1495829599503688,0.15129331381161543,0.9707416942060303,0.03458402823302043,0.10579769299874897,0.551189604456677
30,logistic,window,15.0,True,none,0.1,123,0.1495829599503688,0.15129331381161543,0.975559939624211,0.01944626430121291,0.20547027599968715,0.43407467036465297
30,logistic,window,15.0,True,none,1.0,123,0.1495829599503688,0.15129331381161543,0.9765867546482495,0.01907771439636965,0.39244438400055515,0.3098462666115854
30,logistic,window,15.0,True,none,10.0,123,0.1495829599503688,0.15129331381161543,0.9758358188283827,0.01825920050364419,0.79751510800088,0.27634382637737165
30,logistic,window,15.0,True,balanced,0.1,123,0.1495829599503688,0.15129331381161543,0.9600911932613897,0.08678575591214159,0.1160469340011332,0.3876078572124697
30,logistic,window,15.0,True,balanced,1.0,123,0.1495829599503688,0.15129331381161543,0.9640799628974156,0.046902080618642004,0.1696472690000519,0.4344333819106683
30,logistic,window,15.0,True,balanced,10.0,123,0.1495829599503688,0.15129331381161543,0.9705254811638113,0.03461706195727262,0.1871279350016266,0.9357193751687495
30,logistic,window,30.0,False,none,0.1,121,0.1495829599503688,0.15129331381161543,0.9869346632222608,0.014028263498121722,0.1598929119991226,0.4626366519308108
30,logistic,window,30.0,False,none,1.0,121,0.1495829599503688,0.15129331381161543,0.9772022708229263,0.014415184697245344,0.2974398700007441,0.31801439724806785
30,logistic,window,30.0,False,none,10.0,121,0.1495829599503688,0.15129331381161543,0.9682625770684625,0.014636395178512358,0.8607905879998725,0.380784285103732
30,logistic,window,30.0,False,balanced,0.1,121,0.1495829599503688,0.15129331381161543,0.9546184287473275,0.08945220429033067,0.18811047800045344,0.4492144946864792
30,logistic,window,30.0,False,balanced,1.0,121,0.1495829599503688,0.15129331381161543,0.9659049843059487,0.04770248437882021,0.19592531499984034,0.41770497794847017
30,logistic,window,30.0,False,balanced,10.0,121,0.1495829599503688,0.15129331381161543,0.9808553249115408,0.03161783849296494,0.20443468499979645,0.38363616398167844
30,logistic,window,30.0,True,none,0.1,123,0.1495829599503688,0.15129331381161543,0.9870208278251931,0.014023744683206848,0.1845694250005181,0.3274443632307014
30,logistic,window,30.0,True,none,1.0,123,0.1495829599503688,0.15129331381161543,0.9771813950214993,0.014384740887022048,0.40802024399999937,0.5879250852969052
30,logistic,window,30.0,True,none,10.0,123,0.1495829599503688,0.15129331381161543,0.9682726174799292,0.014651685202647325,0.8942504130009183,0.31958906770055556
30,logistic,window,30.0,True,balanced,0.1,123,0.1495829599503688,0.15129331381161543,0.9545995648072041,0.08945265697792623,0.05520490000162681,0.4953301607673702
30,logistic,window,30.0,True,balanced,1.0,123,0.1495829599503688,0.15129331381161543,0.9658359126215116,0.04771088514740056,0.07645511299961072,0.36995046366938594
30,logistic,window,30.0,True,balanced,10.0,123,0.1495829599503688,0.15129331381161543,0.9807254997629351,0.031660412470228216,0.10891578900009335,0.37496925295702044
