engine_id,cycle,RUL,family,candidate_id,rul_region,raw_score,pooled_reference_percentile,engine_balanced_reference_percentile,raw_crossing,trailing_crossing_count,persistence_satisfied,alert_latched,trace_role
43,1,206,lof,lof_k50,healthy,1.0896778624334993,0.7917582417582417,0.7800925925925926,False,0,0,False,minimum_lead
43,2,205,lof,lof_k50,healthy,1.0349663880970894,0.5164835164835165,0.5023148148148148,False,0,0,False,minimum_lead
43,3,204,lof,lof_k50,healthy,0.9892989130939918,0.1159340659340659,0.1111111111111111,False,0,0,False,minimum_lead
43,4,203,lof,lof_k50,healthy,0.9963296122823072,0.1686813186813187,0.1944444444444444,False,0,0,False,minimum_lead
43,5,202,lof,lof_k50,healthy,1.0508985378619289,0.6120879120879121,0.5995370370370371,False,0,0,False,minimum_lead
43,6,201,lof,lof_k50,healthy,1.0146088551699892,0.3406593406593406,0.3379629629629629,False,0,0,False,minimum_lead
43,7,200,lof,lof_k50,healthy,0.9977949494015368,0.1846153846153846,0.2013888888888889,False,0,0,False,minimum_lead
43,8,199,lof,lof_k50,healthy,1.044533837538902,0.5763736263736263,0.5648148148148148,False,0,0,False,minimum_lead
43,9,198,lof,lof_k50,healthy,1.0476364757480223,0.5967032967032967,0.5810185185185185,False,0,0,False,minimum_lead
43,10,197,lof,lof_k50,healthy,1.0286201367879984,0.4620879120879121,0.4583333333333333,False,0,0,False,minimum_lead
43,11,196,lof,lof_k50,healthy,1.1328641700297906,0.8895604395604395,0.8842592592592593,False,0,0,False,minimum_lead
43,12,195,lof,lof_k50,healthy,0.9874891740024496,0.1010989010989011,0.099537037037037,False,0,0,False,minimum_lead
43,13,194,lof,lof_k50,healthy,0.9824147086432744,0.0648351648351648,0.074074074074074,False,0,0,False,minimum_lead
43,14,193,lof,lof_k50,healthy,1.076159473616236,0.7362637362637363,0.7291666666666666,False,0,0,False,minimum_lead
43,15,192,lof,lof_k50,healthy,1.0015358691556169,0.2214285714285714,0.2407407407407407,False,0,0,False,minimum_lead
43,16,191,lof,lof_k50,healthy,1.0225434556427555,0.4137362637362637,0.412037037037037,False,0,0,False,minimum_lead
43,17,190,lof,lof_k50,healthy,1.0653669109530697,0.6868131868131868,0.6712962962962963,False,0,0,False,minimum_lead
43,18,189,lof,lof_k50,healthy,1.0121923759849285,0.3192307692307692,0.3148148148148148,False,0,0,False,minimum_lead
43,19,188,lof,lof_k50,healthy,1.1098246243468133,0.845054945054945,0.8356481481481481,False,0,0,False,minimum_lead
43,20,187,lof,lof_k50,healthy,0.9788612997705962,0.0417582417582417,0.0486111111111111,False,0,0,False,minimum_lead
43,21,186,lof,lof_k50,healthy,1.0383893656173575,0.539010989010989,0.5347222222222222,False,0,0,False,minimum_lead
43,22,185,lof,lof_k50,healthy,0.9910957605500812,0.1291208791208791,0.125,False,0,0,False,minimum_lead
43,23,184,lof,lof_k50,healthy,1.0833352275550532,0.7675824175824176,0.7476851851851852,False,0,0,False,minimum_lead
43,24,183,lof,lof_k50,healthy,1.0853760639932917,0.7752747252747253,0.7615740740740741,False,0,0,False,minimum_lead
43,25,182,lof,lof_k50,healthy,1.0214784205225127,0.4049450549450549,0.4027777777777778,False,0,0,False,minimum_lead
43,26,181,lof,lof_k50,healthy,0.9959308505813734,0.167032967032967,0.1921296296296296,False,0,0,False,minimum_lead
43,27,180,lof,lof_k50,healthy,0.9937672517455486,0.15,0.1643518518518518,False,0,0,False,minimum_lead
43,28,179,lof,lof_k50,healthy,1.0026935471928953,0.2329670329670329,0.2453703703703703,False,0,0,False,minimum_lead
43,29,178,lof,lof_k50,healthy,0.9907532746110664,0.1263736263736263,0.1226851851851851,False,0,0,False,minimum_lead
43,30,177,lof,lof_k50,healthy,1.0260235416005894,0.4434065934065934,0.4375,False,0,0,False,minimum_lead
43,31,176,lof,lof_k50,healthy,0.9845042370500112,0.0791208791208791,0.0810185185185185,False,0,0,False,minimum_lead
43,32,175,lof,lof_k50,healthy,1.0639266830737752,0.6807692307692308,0.6620370370370371,False,0,0,False,minimum_lead
43,33,174,lof,lof_k50,healthy,1.0433109541712593,0.5686813186813187,0.5625,False,0,0,False,minimum_lead
43,34,173,lof,lof_k50,healthy,1.0596224682765438,0.6631868131868132,0.6458333333333334,False,0,0,False,minimum_lead
43,35,172,lof,lof_k50,healthy,1.0695288471267586,0.7027472527472527,0.6898148148148148,False,0,0,False,minimum_lead
43,36,171,lof,lof_k50,healthy,0.9841283736197474,0.0741758241758241,0.0787037037037037,False,0,0,False,minimum_lead
43,37,170,lof,lof_k50,healthy,1.0830753679760508,0.765934065934066,0.7476851851851852,False,0,0,False,minimum_lead
43,38,169,lof,lof_k50,healthy,1.0998184592696492,0.817032967032967,0.8078703703703703,False,0,0,False,minimum_lead
43,39,168,lof,lof_k50,healthy,1.065437182400715,0.6868131868131868,0.6712962962962963,False,0,0,False,minimum_lead
43,40,167,lof,lof_k50,healthy,1.149598382774565,0.9175824175824177,0.914351851851852,False,0,0,False,minimum_lead
43,41,166,lof,lof_k50,healthy,1.128799858009503,0.8813186813186813,0.8726851851851852,False,0,0,False,minimum_lead
43,42,165,lof,lof_k50,healthy,1.0350319393626108,0.5164835164835165,0.5023148148148148,False,0,0,False,minimum_lead
43,43,164,lof,lof_k50,healthy,1.0120360457523443,0.3164835164835164,0.3148148148148148,False,0,0,False,minimum_lead
43,44,163,lof,lof_k50,healthy,1.257135160981089,0.9884615384615384,0.9861111111111112,False,0,0,False,minimum_lead
43,45,162,lof,lof_k50,healthy,1.193543860839051,0.9626373626373628,0.9560185185185184,False,0,0,False,minimum_lead
43,46,161,lof,lof_k50,healthy,1.0958077623287583,0.8076923076923077,0.7962962962962963,False,0,0,False,minimum_lead
43,47,160,lof,lof_k50,healthy,1.0629985504116617,0.676923076923077,0.6620370370370371,False,0,0,False,minimum_lead
43,48,159,lof,lof_k50,healthy,1.10321305310257,0.8247252747252747,0.8125,False,0,0,False,minimum_lead
43,49,158,lof,lof_k50,healthy,0.9932918332668548,0.1445054945054945,0.1574074074074074,False,0,0,False,minimum_lead
43,50,157,lof,lof_k50,healthy,0.9859254064043484,0.0901098901098901,0.0902777777777777,False,0,0,False,minimum_lead
43,51,156,lof,lof_k50,healthy,1.0451081993247135,0.5807692307692308,0.5694444444444444,False,0,0,False,minimum_lead
43,52,155,lof,lof_k50,healthy,1.0987545552763682,0.8153846153846154,0.8055555555555556,False,0,0,False,minimum_lead
43,53,154,lof,lof_k50,healthy,1.1606282889336852,0.9291208791208792,0.9236111111111112,False,0,0,False,minimum_lead
43,54,153,lof,lof_k50,healthy,1.0271606726036775,0.4510989010989011,0.4467592592592592,False,0,0,False,minimum_lead
43,55,152,lof,lof_k50,healthy,1.0311163520867923,0.4868131868131868,0.4837962962962963,False,0,0,False,minimum_lead
43,56,151,lof,lof_k50,healthy,1.0230724779482685,0.4186813186813187,0.4166666666666667,False,0,0,False,minimum_lead
43,57,150,lof,lof_k50,healthy,1.1169989353443628,0.8582417582417582,0.8495370370370371,False,0,0,False,minimum_lead
43,58,149,lof,lof_k50,healthy,1.1450400094785316,0.9076923076923076,0.9027777777777778,False,0,0,False,minimum_lead
43,59,148,lof,lof_k50,healthy,1.0967330971116,0.8104395604395604,0.8032407407407407,False,0,0,False,minimum_lead
43,60,147,lof,lof_k50,healthy,0.9859015219595988,0.0895604395604395,0.0902777777777777,False,0,0,False,minimum_lead
43,61,146,lof,lof_k50,healthy,0.9741223619750192,0.0219780219780219,0.0231481481481481,False,0,0,False,minimum_lead
43,62,145,lof,lof_k50,healthy,1.078530417862933,0.7461538461538462,0.7337962962962963,False,0,0,False,minimum_lead
43,63,144,lof,lof_k50,healthy,1.0672594164477645,0.6917582417582417,0.6782407407407407,False,0,0,False,minimum_lead
43,64,143,lof,lof_k50,healthy,1.0376425726026373,0.5335164835164835,0.5254629629629629,False,0,0,False,minimum_lead
43,65,142,lof,lof_k50,healthy,1.0658389324962372,0.6879120879120879,0.6712962962962963,False,0,0,False,minimum_lead
43,66,141,lof,lof_k50,healthy,1.063479885346464,0.6791208791208792,0.6620370370370371,False,0,0,False,minimum_lead
43,67,140,lof,lof_k50,healthy,1.1345095686386155,0.8934065934065935,0.8935185185185185,False,0,0,False,minimum_lead
43,68,139,lof,lof_k50,healthy,1.0134146775900088,0.3285714285714285,0.324074074074074,False,0,0,False,minimum_lead
43,69,138,lof,lof_k50,healthy,1.0026682761642978,0.2329670329670329,0.2453703703703703,False,0,0,False,minimum_lead
43,70,137,lof,lof_k50,healthy,1.0027751091249066,0.2329670329670329,0.2453703703703703,False,0,0,False,minimum_lead
43,71,136,lof,lof_k50,healthy,0.9888390550336636,0.1104395604395604,0.1064814814814814,False,0,0,False,minimum_lead
43,72,135,lof,lof_k50,healthy,0.9754356755516538,0.0285714285714285,0.0347222222222222,False,0,0,False,minimum_lead
43,73,134,lof,lof_k50,healthy,0.9751686198506246,0.0269230769230769,0.0347222222222222,False,0,0,False,minimum_lead
43,74,133,lof,lof_k50,healthy,1.0259497026297084,0.4434065934065934,0.4375,False,0,0,False,minimum_lead
43,75,132,lof,lof_k50,healthy,1.226229618333968,0.9802197802197802,0.9791666666666666,False,0,0,False,minimum_lead
43,76,131,lof,lof_k50,healthy,1.0291617362381908,0.4681318681318681,0.4675925925925926,False,0,0,False,minimum_lead
43,77,130,lof,lof_k50,healthy,1.0669876135795389,0.6901098901098901,0.6759259259259259,False,0,0,False,minimum_lead
43,78,129,lof,lof_k50,healthy,1.0763457621868506,0.7362637362637363,0.7291666666666666,False,0,0,False,minimum_lead
43,79,128,lof,lof_k50,healthy,1.0168131200210326,0.360989010989011,0.3564814814814814,False,0,0,False,minimum_lead
43,80,127,lof,lof_k50,healthy,1.0003914946203296,0.2115384615384615,0.2314814814814814,False,0,0,False,minimum_lead
43,81,126,lof,lof_k50,healthy,1.0417727239287815,0.5615384615384615,0.5532407407407407,False,0,0,False,minimum_lead
43,82,125,lof,lof_k50,middle,1.0186725310794666,0.3774725274725274,0.3680555555555556,False,0,0,False,minimum_lead
43,83,124,lof,lof_k50,middle,1.1233113416723577,0.8686813186813187,0.8611111111111112,False,0,0,False,minimum_lead
43,84,123,lof,lof_k50,middle,1.0022796253127055,0.2313186813186813,0.2453703703703703,False,0,0,False,minimum_lead
43,85,122,lof,lof_k50,middle,0.9746521105508386,0.0241758241758241,0.0300925925925925,False,0,0,False,minimum_lead
43,86,121,lof,lof_k50,middle,1.0097530202821232,0.2983516483516483,0.3009259259259259,False,0,0,False,minimum_lead
43,87,120,lof,lof_k50,middle,1.004975517711119,0.25,0.2569444444444444,False,0,0,False,minimum_lead
43,88,119,lof,lof_k50,middle,1.081134022904007,0.7587912087912088,0.7430555555555556,False,0,0,False,minimum_lead
43,89,118,lof,lof_k50,middle,1.0244921605393449,0.4296703296703296,0.4212962962962963,False,0,0,False,minimum_lead
43,90,117,lof,lof_k50,middle,1.1276384718985448,0.878021978021978,0.8703703703703703,False,0,0,False,minimum_lead
43,91,116,lof,lof_k50,middle,1.1215674483128864,0.865934065934066,0.8564814814814815,False,0,0,False,minimum_lead
43,92,115,lof,lof_k50,middle,0.9892894740197652,0.1153846153846153,0.1087962962962963,False,0,0,False,minimum_lead
43,93,114,lof,lof_k50,middle,1.0388789115323402,0.5417582417582417,0.5347222222222222,False,0,0,False,minimum_lead
43,94,113,lof,lof_k50,middle,1.0289385227590406,0.4653846153846154,0.4652777777777778,False,0,0,False,minimum_lead
43,95,112,lof,lof_k50,middle,1.0120669665276956,0.317032967032967,0.3148148148148148,False,0,0,False,minimum_lead
43,96,111,lof,lof_k50,middle,1.025274720579972,0.4373626373626373,0.4259259259259259,False,0,0,False,minimum_lead
43,97,110,lof,lof_k50,middle,1.0457428536209388,0.5873626373626374,0.5740740740740741,False,0,0,False,minimum_lead
43,98,109,lof,lof_k50,middle,1.108600777150113,0.8417582417582418,0.8310185185185185,False,0,0,False,minimum_lead
43,99,108,lof,lof_k50,middle,1.0468384018413093,0.5906593406593407,0.5763888888888888,False,0,0,False,minimum_lead
43,100,107,lof,lof_k50,middle,1.105705455571204,0.8351648351648352,0.8240740740740741,False,0,0,False,minimum_lead
43,101,106,lof,lof_k50,middle,0.9993691941440556,0.1994505494505494,0.2199074074074074,False,0,0,False,minimum_lead
43,102,105,lof,lof_k50,middle,1.0033836899136268,0.2379120879120879,0.2523148148148148,False,0,0,False,minimum_lead
43,103,104,lof,lof_k50,middle,1.0845290864587922,0.7714285714285715,0.7569444444444444,False,0,0,False,minimum_lead
43,104,103,lof,lof_k50,middle,1.0536187097309515,0.6263736263736264,0.6180555555555556,False,0,0,False,minimum_lead
43,105,102,lof,lof_k50,middle,1.0739594396289918,0.7285714285714285,0.7129629629629629,False,0,0,False,minimum_lead
43,106,101,lof,lof_k50,middle,1.0142251147895818,0.3373626373626374,0.3333333333333333,False,0,0,False,minimum_lead
43,107,100,lof,lof_k50,middle,0.9875385981271182,0.1010989010989011,0.099537037037037,False,0,0,False,minimum_lead
43,108,99,lof,lof_k50,middle,1.036124577578626,0.5230769230769231,0.5092592592592593,False,0,0,False,minimum_lead
43,109,98,lof,lof_k50,middle,1.0104685086278888,0.3010989010989011,0.3009259259259259,False,0,0,False,minimum_lead
43,110,97,lof,lof_k50,middle,1.0067292429750745,0.2681318681318681,0.2708333333333333,False,0,0,False,minimum_lead
43,111,96,lof,lof_k50,middle,1.0829885176239262,0.765934065934066,0.7476851851851852,False,0,0,False,minimum_lead
43,112,95,lof,lof_k50,middle,1.00201968086954,0.2258241758241758,0.2430555555555555,False,0,0,False,minimum_lead
43,113,94,lof,lof_k50,middle,1.0009948773027664,0.2137362637362637,0.2337962962962963,False,0,0,False,minimum_lead
43,114,93,lof,lof_k50,middle,0.981040532247436,0.0576923076923076,0.0648148148148148,False,0,0,False,minimum_lead
43,115,92,lof,lof_k50,middle,1.010860261993101,0.3049450549450549,0.3055555555555556,False,0,0,False,minimum_lead
43,116,91,lof,lof_k50,middle,1.055567423438389,0.6379120879120879,0.6226851851851852,False,0,0,False,minimum_lead
43,117,90,lof,lof_k50,middle,1.1034922317824285,0.8263736263736263,0.8171296296296297,False,0,0,False,minimum_lead
43,118,89,lof,lof_k50,middle,0.970967944356672,0.0115384615384615,0.0162037037037037,False,0,0,False,minimum_lead
43,119,88,lof,lof_k50,middle,1.0724801872710752,0.7214285714285714,0.7060185185185185,False,0,0,False,minimum_lead
43,120,87,lof,lof_k50,middle,1.1336755813320991,0.8912087912087913,0.8888888888888888,False,0,0,False,minimum_lead
43,121,86,lof,lof_k50,middle,0.9939527252461152,0.15,0.1643518518518518,False,0,0,False,minimum_lead
43,122,85,lof,lof_k50,middle,1.0079202916264118,0.2824175824175824,0.2777777777777778,False,0,0,False,minimum_lead
43,123,84,lof,lof_k50,middle,1.0398727559661731,0.5478021978021979,0.5416666666666666,False,0,0,False,minimum_lead
43,124,83,lof,lof_k50,middle,1.093705846505438,0.8016483516483517,0.7893518518518519,False,0,0,False,minimum_lead
43,125,82,lof,lof_k50,middle,0.994127920277038,0.1527472527472527,0.1689814814814814,False,0,0,False,minimum_lead
43,126,81,lof,lof_k50,middle,1.0620902343598504,0.6730769230769231,0.6620370370370371,False,0,0,False,minimum_lead
43,127,80,lof,lof_k50,middle,1.0126141054668665,0.3236263736263736,0.3217592592592592,False,0,0,False,minimum_lead
43,128,79,lof,lof_k50,middle,1.1481213147992495,0.9142857142857144,0.9097222222222222,False,0,0,False,minimum_lead
43,129,78,lof,lof_k50,middle,0.9954517639396115,0.1626373626373626,0.1851851851851851,False,0,0,False,minimum_lead
43,130,77,lof,lof_k50,middle,1.0294136290362363,0.4719780219780219,0.474537037037037,False,0,0,False,minimum_lead
43,131,76,lof,lof_k50,middle,1.0673823654757342,0.6923076923076923,0.6805555555555556,False,0,0,False,minimum_lead
43,132,75,lof,lof_k50,middle,0.9899527456178484,0.1203296703296703,0.1157407407407407,False,0,0,False,minimum_lead
43,133,74,lof,lof_k50,middle,1.0558526251799654,0.639010989010989,0.6226851851851852,False,0,0,False,minimum_lead
43,134,73,lof,lof_k50,middle,0.9855813974413786,0.0879120879120879,0.0902777777777777,False,0,0,False,minimum_lead
43,135,72,lof,lof_k50,middle,0.9985687658324404,0.1917582417582417,0.2129629629629629,False,0,0,False,minimum_lead
43,136,71,lof,lof_k50,middle,1.1000608741079445,0.8181318681318681,0.8101851851851852,False,0,0,False,minimum_lead
43,137,70,lof,lof_k50,middle,1.1858105081328147,0.954945054945055,0.9467592592592592,False,0,0,False,minimum_lead
43,138,69,lof,lof_k50,middle,0.9963904117895392,0.1697802197802198,0.1944444444444444,False,0,0,False,minimum_lead
43,139,68,lof,lof_k50,middle,1.0083967623017385,0.2862637362637362,0.2777777777777778,False,0,0,False,minimum_lead
43,140,67,lof,lof_k50,middle,0.9905096025776297,0.123076923076923,0.1180555555555555,False,0,0,False,minimum_lead
43,141,66,lof,lof_k50,middle,1.1222999354700196,0.8670329670329671,0.8587962962962963,False,0,0,False,minimum_lead
43,142,65,lof,lof_k50,middle,1.073394859625081,0.7252747252747253,0.7129629629629629,False,0,0,False,minimum_lead
43,143,64,lof,lof_k50,middle,0.9772964475768926,0.0346153846153846,0.0393518518518518,False,0,0,False,minimum_lead
43,144,63,lof,lof_k50,middle,0.9740527719072808,0.0219780219780219,0.0231481481481481,False,0,0,False,minimum_lead
43,145,62,lof,lof_k50,middle,1.0019704417223132,0.2258241758241758,0.2430555555555555,False,0,0,False,minimum_lead
43,146,61,lof,lof_k50,middle,0.9909300659145808,0.1274725274725274,0.1226851851851851,False,0,0,False,minimum_lead
43,147,60,lof,lof_k50,middle,0.9841070015611116,0.0741758241758241,0.0787037037037037,False,0,0,False,minimum_lead
43,148,59,lof,lof_k50,middle,1.024132918270893,0.4263736263736263,0.4212962962962963,False,0,0,False,minimum_lead
43,149,58,lof,lof_k50,middle,1.0910572287005058,0.7972527472527473,0.7800925925925926,False,0,0,False,minimum_lead
43,150,57,lof,lof_k50,middle,1.1033211068023616,0.8252747252747252,0.8148148148148148,False,0,0,False,minimum_lead
43,151,56,lof,lof_k50,middle,1.053187341310582,0.6247252747252747,0.6134259259259259,False,0,0,False,minimum_lead
43,152,55,lof,lof_k50,middle,1.065834077046481,0.6879120879120879,0.6712962962962963,False,0,0,False,minimum_lead
43,153,54,lof,lof_k50,middle,1.049391467298992,0.606043956043956,0.5925925925925926,False,0,0,False,minimum_lead
43,154,53,lof,lof_k50,middle,1.051600100920217,0.6164835164835165,0.6041666666666666,False,0,0,False,minimum_lead
43,155,52,lof,lof_k50,middle,1.0732218056100669,0.7247252747252747,0.7106481481481481,False,0,0,False,minimum_lead
43,156,51,lof,lof_k50,middle,1.0766748596471687,0.7368131868131869,0.7291666666666666,False,0,0,False,minimum_lead
43,157,50,lof,lof_k50,middle,1.057706468181819,0.6461538461538462,0.6319444444444444,False,0,0,False,minimum_lead
43,158,49,lof,lof_k50,middle,1.02297532428375,0.4181318681318681,0.4166666666666667,False,0,0,False,minimum_lead
43,159,48,lof,lof_k50,middle,1.0134350418653444,0.3285714285714285,0.324074074074074,False,0,0,False,minimum_lead
43,160,47,lof,lof_k50,middle,1.0233129234868903,0.4192307692307692,0.4166666666666667,False,0,0,False,minimum_lead
43,161,46,lof,lof_k50,middle,0.9804854878372392,0.056043956043956,0.0648148148148148,False,0,0,False,minimum_lead
43,162,45,lof,lof_k50,middle,1.1093509046505914,0.843956043956044,0.8333333333333334,False,0,0,False,minimum_lead
43,163,44,lof,lof_k50,middle,1.190971106287372,0.9615384615384616,0.9560185185185184,False,0,0,False,minimum_lead
43,164,43,lof,lof_k50,middle,1.0891795569196503,0.7895604395604395,0.7800925925925926,False,0,0,False,minimum_lead
43,165,42,lof,lof_k50,middle,1.004850127524153,0.2483516483516483,0.2569444444444444,False,0,0,False,minimum_lead
43,166,41,lof,lof_k50,middle,1.233575168464313,0.9835164835164836,0.9837962962962964,False,0,0,False,minimum_lead
43,167,40,lof,lof_k50,middle,1.0202765245149004,0.389010989010989,0.3819444444444444,False,0,0,False,minimum_lead
43,168,39,lof,lof_k50,middle,1.2406116858220673,0.9835164835164836,0.9837962962962964,False,0,0,False,minimum_lead
43,169,38,lof,lof_k50,middle,1.213778325865191,0.9741758241758242,0.9675925925925926,False,0,0,False,minimum_lead
43,170,37,lof,lof_k50,middle,1.325384877305535,0.9961538461538462,0.9930555555555556,True,1,0,False,minimum_lead
43,171,36,lof,lof_k50,middle,1.3031128394730118,0.9950549450549452,0.9907407407407408,True,2,0,False,minimum_lead
43,172,35,lof,lof_k50,middle,1.1525327650009611,0.9208791208791208,0.9166666666666666,False,2,0,False,minimum_lead
43,173,34,lof,lof_k50,middle,1.1368153138373742,0.8950549450549451,0.8935185185185185,False,2,0,False,minimum_lead
43,174,33,lof,lof_k50,middle,1.3310096332999146,0.9961538461538462,0.9930555555555556,True,3,0,False,minimum_lead
43,175,32,lof,lof_k50,middle,1.2559499353434145,0.987912087912088,0.9861111111111112,False,3,0,False,minimum_lead
43,176,31,lof,lof_k50,middle,1.2800085919194109,0.9923076923076924,0.9907407407407408,True,4,0,False,minimum_lead
43,177,30,lof,lof_k50,near_failure,1.3755063586608578,0.9994505494505496,0.9976851851851852,True,5,1,True,minimum_lead
43,178,29,lof,lof_k50,near_failure,1.1896973716067714,0.960989010989011,0.9560185185185184,False,5,1,True,minimum_lead
43,179,28,lof,lof_k50,near_failure,1.3248714995205195,0.9961538461538462,0.9930555555555556,True,6,1,True,minimum_lead
43,180,27,lof,lof_k50,near_failure,1.338492042761851,0.9972527472527472,0.9953703703703703,True,6,1,True,minimum_lead
43,181,26,lof,lof_k50,near_failure,1.572223434509516,1.0,1.0,True,6,1,True,minimum_lead
43,182,25,lof,lof_k50,near_failure,1.479687606036468,1.0,1.0,True,7,1,True,minimum_lead
43,183,24,lof,lof_k50,near_failure,1.5798530322129365,1.0,1.0,True,8,1,True,minimum_lead
43,184,23,lof,lof_k50,near_failure,1.643450018009471,1.0,1.0,True,8,1,True,minimum_lead
43,185,22,lof,lof_k50,near_failure,1.8013958391814868,1.0,1.0,True,9,1,True,minimum_lead
43,186,21,lof,lof_k50,near_failure,1.8482685353855968,1.0,1.0,True,9,1,True,minimum_lead
43,187,20,lof,lof_k50,near_failure,1.652692168850053,1.0,1.0,True,9,1,True,minimum_lead
43,188,19,lof,lof_k50,near_failure,1.9621963502617128,1.0,1.0,True,10,1,True,minimum_lead
43,189,18,lof,lof_k50,near_failure,2.156189503896092,1.0,1.0,True,10,1,True,minimum_lead
43,190,17,lof,lof_k50,near_failure,1.7748657768063143,1.0,1.0,True,10,1,True,minimum_lead
43,191,16,lof,lof_k50,near_failure,2.4306768518684048,1.0,1.0,True,10,1,True,minimum_lead
43,192,15,lof,lof_k50,near_failure,2.0084088295994498,1.0,1.0,True,10,1,True,minimum_lead
43,193,14,lof,lof_k50,near_failure,2.290952060823417,1.0,1.0,True,10,1,True,minimum_lead
43,194,13,lof,lof_k50,near_failure,2.3318282000591477,1.0,1.0,True,10,1,True,minimum_lead
43,195,12,lof,lof_k50,near_failure,2.060056169567915,1.0,1.0,True,10,1,True,minimum_lead
43,196,11,lof,lof_k50,near_failure,2.0222149951731496,1.0,1.0,True,10,1,True,minimum_lead
43,197,10,lof,lof_k50,near_failure,2.460634145659113,1.0,1.0,True,10,1,True,minimum_lead
43,198,9,lof,lof_k50,near_failure,2.4273797160603325,1.0,1.0,True,10,1,True,minimum_lead
43,199,8,lof,lof_k50,near_failure,2.5135280125168955,1.0,1.0,True,10,1,True,minimum_lead
43,200,7,lof,lof_k50,near_failure,2.3478126704700744,1.0,1.0,True,10,1,True,minimum_lead
43,201,6,lof,lof_k50,near_failure,2.835455912227012,1.0,1.0,True,10,1,True,minimum_lead
43,202,5,lof,lof_k50,near_failure,2.6040550053118507,1.0,1.0,True,10,1,True,minimum_lead
43,203,4,lof,lof_k50,near_failure,2.9675816180419785,1.0,1.0,True,10,1,True,minimum_lead
43,204,3,lof,lof_k50,near_failure,2.717909205652211,1.0,1.0,True,10,1,True,minimum_lead
43,205,2,lof,lof_k50,near_failure,3.106833134402521,1.0,1.0,True,10,1,True,minimum_lead
43,206,1,lof,lof_k50,near_failure,3.072469577946437,1.0,1.0,True,10,1,True,minimum_lead
43,207,0,lof,lof_k50,near_failure,3.2571194698259585,1.0,1.0,True,10,1,True,minimum_lead
71,1,207,lof,lof_k50,healthy,1.0813347633659265,0.7593406593406593,0.7430555555555556,False,0,0,False,median_representative
71,2,206,lof,lof_k50,healthy,1.016895257679668,0.3620879120879121,0.3564814814814814,False,0,0,False,median_representative
71,3,205,lof,lof_k50,healthy,1.009576563622648,0.295054945054945,0.2916666666666667,False,0,0,False,median_representative
71,4,204,lof,lof_k50,healthy,1.0489313068210748,0.6027472527472527,0.5902777777777778,False,0,0,False,median_representative
71,5,203,lof,lof_k50,healthy,1.0414849017421313,0.5604395604395604,0.5486111111111112,False,0,0,False,median_representative
71,6,202,lof,lof_k50,healthy,1.0512790158333063,0.6153846153846154,0.6018518518518519,False,0,0,False,median_representative
71,7,201,lof,lof_k50,healthy,1.2496500070241068,0.9868131868131867,0.9861111111111112,False,0,0,False,median_representative
71,8,200,lof,lof_k50,healthy,1.0354540648171509,0.5186813186813187,0.5046296296296297,False,0,0,False,median_representative
71,9,199,lof,lof_k50,healthy,1.2321838937255825,0.9829670329670328,0.9814814814814816,False,0,0,False,median_representative
71,10,198,lof,lof_k50,healthy,0.9777464207770892,0.0357142857142857,0.0393518518518518,False,0,0,False,median_representative
71,11,197,lof,lof_k50,healthy,0.974427195218655,0.0241758241758241,0.0300925925925925,False,0,0,False,median_representative
71,12,196,lof,lof_k50,healthy,1.0635253295618026,0.6791208791208792,0.6620370370370371,False,0,0,False,median_representative
71,13,195,lof,lof_k50,healthy,1.0392098898506368,0.5434065934065934,0.5370370370370371,False,0,0,False,median_representative
71,14,194,lof,lof_k50,healthy,1.1269823597053898,0.8747252747252747,0.8657407407407407,False,0,0,False,median_representative
71,15,193,lof,lof_k50,healthy,1.00174781419269,0.2236263736263736,0.2430555555555555,False,0,0,False,median_representative
71,16,192,lof,lof_k50,healthy,1.0707911882876784,0.710989010989011,0.6944444444444444,False,0,0,False,median_representative
71,17,191,lof,lof_k50,healthy,1.06844347277084,0.6983516483516483,0.6898148148148148,False,0,0,False,median_representative
71,18,190,lof,lof_k50,healthy,0.9905453881586448,0.1247252747252747,0.1203703703703703,False,0,0,False,median_representative
71,19,189,lof,lof_k50,healthy,1.0199734735367338,0.3857142857142857,0.3796296296296296,False,0,0,False,median_representative
71,20,188,lof,lof_k50,healthy,1.0309927551384834,0.4846153846153846,0.4837962962962963,False,0,0,False,median_representative
71,21,187,lof,lof_k50,healthy,1.0263450803349634,0.4445054945054945,0.4398148148148148,False,0,0,False,median_representative
71,22,186,lof,lof_k50,healthy,1.0966401248740607,0.8098901098901099,0.8032407407407407,False,0,0,False,median_representative
71,23,185,lof,lof_k50,healthy,0.9661278248290892,0.0054945054945054,0.0069444444444444,False,0,0,False,median_representative
71,24,184,lof,lof_k50,healthy,1.0551976228782138,0.6373626373626373,0.6203703703703703,False,0,0,False,median_representative
71,25,183,lof,lof_k50,healthy,0.9985697855234348,0.1917582417582417,0.2129629629629629,False,0,0,False,median_representative
71,26,182,lof,lof_k50,healthy,1.1081806945057828,0.8406593406593407,0.8310185185185185,False,0,0,False,median_representative
71,27,181,lof,lof_k50,healthy,1.0180416610697685,0.3736263736263736,0.3634259259259259,False,0,0,False,median_representative
71,28,180,lof,lof_k50,healthy,1.0273060381230492,0.4527472527472527,0.449074074074074,False,0,0,False,median_representative
71,29,179,lof,lof_k50,healthy,1.064518846952781,0.6840659340659341,0.6666666666666666,False,0,0,False,median_representative
71,30,178,lof,lof_k50,healthy,1.0568560922901362,0.6423076923076924,0.625,False,0,0,False,median_representative
71,31,177,lof,lof_k50,healthy,1.0671749964982178,0.6901098901098901,0.6759259259259259,False,0,0,False,median_representative
71,32,176,lof,lof_k50,healthy,1.2950695741229636,0.9945054945054944,0.9907407407407408,True,1,0,False,median_representative
71,33,175,lof,lof_k50,healthy,0.9905091045007578,0.123076923076923,0.1180555555555555,False,1,0,False,median_representative
71,34,174,lof,lof_k50,healthy,1.019339221884909,0.3807692307692307,0.3726851851851852,False,1,0,False,median_representative
71,35,173,lof,lof_k50,healthy,1.0068882105641008,0.2708791208791208,0.2708333333333333,False,1,0,False,median_representative
71,36,172,lof,lof_k50,healthy,1.0244177936488377,0.4291208791208791,0.4212962962962963,False,1,0,False,median_representative
71,37,171,lof,lof_k50,healthy,1.0035437905226303,0.2395604395604395,0.2546296296296296,False,1,0,False,median_representative
71,38,170,lof,lof_k50,healthy,1.004309007872848,0.2445054945054945,0.2569444444444444,False,1,0,False,median_representative
71,39,169,lof,lof_k50,healthy,1.0341685226245267,0.5093406593406593,0.4953703703703703,False,1,0,False,median_representative
71,40,168,lof,lof_k50,healthy,1.0048718695529897,0.2489010989010989,0.2569444444444444,False,1,0,False,median_representative
71,41,167,lof,lof_k50,healthy,1.0509819004948826,0.6120879120879121,0.5995370370370371,False,1,0,False,median_representative
71,42,166,lof,lof_k50,healthy,1.0283327070067982,0.4604395604395604,0.4583333333333333,False,0,0,False,median_representative
71,43,165,lof,lof_k50,healthy,1.079650143822463,0.7532967032967033,0.7407407407407407,False,0,0,False,median_representative
71,44,164,lof,lof_k50,healthy,1.0559399539933865,0.639010989010989,0.6226851851851852,False,0,0,False,median_representative
71,45,163,lof,lof_k50,healthy,1.041587306546647,0.5604395604395604,0.5486111111111112,False,0,0,False,median_representative
71,46,162,lof,lof_k50,healthy,1.035109022479642,0.5170329670329671,0.5023148148148148,False,0,0,False,median_representative
71,47,161,lof,lof_k50,healthy,1.0828225093132189,0.7642857142857142,0.7453703703703703,False,0,0,False,median_representative
71,48,160,lof,lof_k50,healthy,1.005727308803425,0.256043956043956,0.2592592592592592,False,0,0,False,median_representative
71,49,159,lof,lof_k50,healthy,1.0002555248207456,0.2087912087912088,0.2314814814814814,False,0,0,False,median_representative
71,50,158,lof,lof_k50,healthy,1.10952439079629,0.843956043956044,0.8333333333333334,False,0,0,False,median_representative
71,51,157,lof,lof_k50,healthy,0.9825331029359332,0.0648351648351648,0.074074074074074,False,0,0,False,median_representative
71,52,156,lof,lof_k50,healthy,1.0106723811482394,0.3016483516483516,0.3009259259259259,False,0,0,False,median_representative
71,53,155,lof,lof_k50,healthy,1.0446257242465231,0.5769230769230769,0.5648148148148148,False,0,0,False,median_representative
71,54,154,lof,lof_k50,healthy,0.9861256207510652,0.0917582417582417,0.0902777777777777,False,0,0,False,median_representative
71,55,153,lof,lof_k50,healthy,0.979579505853704,0.0478021978021978,0.0532407407407407,False,0,0,False,median_representative
71,56,152,lof,lof_k50,healthy,1.0192214830923194,0.3791208791208791,0.3703703703703703,False,0,0,False,median_representative
71,57,151,lof,lof_k50,healthy,1.0974338033046904,0.8115384615384615,0.8032407407407407,False,0,0,False,median_representative
71,58,150,lof,lof_k50,healthy,1.0337108313004777,0.5071428571428571,0.4953703703703703,False,0,0,False,median_representative
71,59,149,lof,lof_k50,healthy,0.9892239170705548,0.1153846153846153,0.1087962962962963,False,0,0,False,median_representative
71,60,148,lof,lof_k50,healthy,0.968587083728742,0.0093406593406593,0.0162037037037037,False,0,0,False,median_representative
71,61,147,lof,lof_k50,healthy,0.9829475388488677,0.0681318681318681,0.0763888888888889,False,0,0,False,median_representative
71,62,146,lof,lof_k50,healthy,0.975590484467641,0.0285714285714285,0.0347222222222222,False,0,0,False,median_representative
71,63,145,lof,lof_k50,healthy,1.004823626245503,0.2483516483516483,0.2569444444444444,False,0,0,False,median_representative
71,64,144,lof,lof_k50,healthy,1.1754356569992297,0.95,0.9444444444444444,False,0,0,False,median_representative
71,65,143,lof,lof_k50,healthy,1.0436540239025198,0.5703296703296703,0.5648148148148148,False,0,0,False,median_representative
71,66,142,lof,lof_k50,healthy,0.9683741160433916,0.0087912087912087,0.0162037037037037,False,0,0,False,median_representative
71,67,141,lof,lof_k50,healthy,1.0279655920995272,0.4571428571428571,0.4537037037037037,False,0,0,False,median_representative
71,68,140,lof,lof_k50,healthy,0.9952007529945476,0.1615384615384615,0.1851851851851851,False,0,0,False,median_representative
71,69,139,lof,lof_k50,healthy,1.03032265222121,0.4791208791208791,0.4814814814814814,False,0,0,False,median_representative
71,70,138,lof,lof_k50,healthy,1.0225741838520628,0.4137362637362637,0.412037037037037,False,0,0,False,median_representative
71,71,137,lof,lof_k50,healthy,0.9795708635824876,0.0478021978021978,0.0532407407407407,False,0,0,False,median_representative
71,72,136,lof,lof_k50,healthy,1.0427802454920163,0.5681318681318681,0.5625,False,0,0,False,median_representative
71,73,135,lof,lof_k50,healthy,1.1444479824269111,0.9065934065934066,0.9027777777777778,False,0,0,False,median_representative
71,74,134,lof,lof_k50,healthy,0.980190140093138,0.0527472527472527,0.0601851851851851,False,0,0,False,median_representative
71,75,133,lof,lof_k50,healthy,1.021404228531263,0.4043956043956044,0.4027777777777778,False,0,0,False,median_representative
71,76,132,lof,lof_k50,healthy,1.0156517054844003,0.3489010989010989,0.3449074074074074,False,0,0,False,median_representative
71,77,131,lof,lof_k50,healthy,1.0275543857759135,0.4532967032967033,0.4513888888888889,False,0,0,False,median_representative
71,78,130,lof,lof_k50,healthy,1.0370252137000622,0.5291208791208791,0.5115740740740741,False,0,0,False,median_representative
71,79,129,lof,lof_k50,healthy,1.0722315273784766,0.7197802197802198,0.7013888888888888,False,0,0,False,median_representative
71,80,128,lof,lof_k50,healthy,1.0267187016252848,0.4483516483516483,0.4467592592592592,False,0,0,False,median_representative
71,81,127,lof,lof_k50,healthy,0.98201223405934,0.0637362637362637,0.0717592592592592,False,0,0,False,median_representative
71,82,126,lof,lof_k50,healthy,1.061731661315797,0.6725274725274726,0.6620370370370371,False,0,0,False,median_representative
71,83,125,lof,lof_k50,middle,1.0018444983250612,0.2236263736263736,0.2430555555555555,False,0,0,False,median_representative
71,84,124,lof,lof_k50,middle,1.0512269809695145,0.6153846153846154,0.6018518518518519,False,0,0,False,median_representative
71,85,123,lof,lof_k50,middle,0.9984328375397534,0.1901098901098901,0.2106481481481481,False,0,0,False,median_representative
71,86,122,lof,lof_k50,middle,1.018572199966915,0.3763736263736263,0.3680555555555556,False,0,0,False,median_representative
71,87,121,lof,lof_k50,middle,1.074536632073614,0.7324175824175824,0.7222222222222222,False,0,0,False,median_representative
71,88,120,lof,lof_k50,middle,0.990544790051063,0.1247252747252747,0.1203703703703703,False,0,0,False,median_representative
71,89,119,lof,lof_k50,middle,1.014169023114587,0.3368131868131868,0.3310185185185185,False,0,0,False,median_representative
71,90,118,lof,lof_k50,middle,0.999257703347302,0.1983516483516483,0.2199074074074074,False,0,0,False,median_representative
71,91,117,lof,lof_k50,middle,0.9918369962101198,0.1329670329670329,0.1319444444444444,False,0,0,False,median_representative
71,92,116,lof,lof_k50,middle,1.0405993084648175,0.5521978021978022,0.5416666666666666,False,0,0,False,median_representative
71,93,115,lof,lof_k50,middle,1.0208954454065813,0.3989010989010989,0.3958333333333333,False,0,0,False,median_representative
71,94,114,lof,lof_k50,middle,1.00182816294858,0.2236263736263736,0.2430555555555555,False,0,0,False,median_representative
71,95,113,lof,lof_k50,middle,1.0220926112902509,0.4109890109890109,0.4097222222222222,False,0,0,False,median_representative
71,96,112,lof,lof_k50,middle,1.062736748523654,0.6763736263736264,0.6620370370370371,False,0,0,False,median_representative
71,97,111,lof,lof_k50,middle,0.978416099354242,0.039010989010989,0.0462962962962962,False,0,0,False,median_representative
71,98,110,lof,lof_k50,middle,1.084699708642028,0.7736263736263737,0.7569444444444444,False,0,0,False,median_representative
71,99,109,lof,lof_k50,middle,0.967462659309692,0.0082417582417582,0.0162037037037037,False,0,0,False,median_representative
71,100,108,lof,lof_k50,middle,0.9747140316176872,0.0241758241758241,0.0300925925925925,False,0,0,False,median_representative
71,101,107,lof,lof_k50,middle,1.040476129520645,0.5510989010989011,0.5416666666666666,False,0,0,False,median_representative
71,102,106,lof,lof_k50,middle,1.003125024188965,0.2362637362637362,0.25,False,0,0,False,median_representative
71,103,105,lof,lof_k50,middle,0.9971769314096144,0.1791208791208791,0.199074074074074,False,0,0,False,median_representative
71,104,104,lof,lof_k50,middle,0.9959762744819436,0.167032967032967,0.1921296296296296,False,0,0,False,median_representative
71,105,103,lof,lof_k50,middle,1.0801201572333408,0.7554945054945055,0.7407407407407407,False,0,0,False,median_representative
71,106,102,lof,lof_k50,middle,1.02417000907162,0.4263736263736263,0.4212962962962963,False,0,0,False,median_representative
71,107,101,lof,lof_k50,middle,1.0011466578818256,0.2137362637362637,0.2337962962962963,False,0,0,False,median_representative
71,108,100,lof,lof_k50,middle,0.9958098075216154,0.1664835164835164,0.1921296296296296,False,0,0,False,median_representative
71,109,99,lof,lof_k50,middle,1.0229726221178337,0.4181318681318681,0.4166666666666667,False,0,0,False,median_representative
71,110,98,lof,lof_k50,middle,1.0186645255929003,0.3774725274725274,0.3680555555555556,False,0,0,False,median_representative
71,111,97,lof,lof_k50,middle,0.9985069985863424,0.1912087912087912,0.2129629629629629,False,0,0,False,median_representative
71,112,96,lof,lof_k50,middle,1.035946466152312,0.5214285714285715,0.5092592592592593,False,0,0,False,median_representative
71,113,95,lof,lof_k50,middle,0.990066075663153,0.1203296703296703,0.1157407407407407,False,0,0,False,median_representative
71,114,94,lof,lof_k50,middle,1.1011019501432138,0.8214285714285714,0.8101851851851852,False,0,0,False,median_representative
71,115,93,lof,lof_k50,middle,1.1067506876533195,0.8373626373626374,0.8287037037037037,False,0,0,False,median_representative
71,116,92,lof,lof_k50,middle,1.0946048267761634,0.8027472527472528,0.7916666666666666,False,0,0,False,median_representative
71,117,91,lof,lof_k50,middle,0.9838944505071602,0.0736263736263736,0.0787037037037037,False,0,0,False,median_representative
71,118,90,lof,lof_k50,middle,1.1835121074370722,0.9527472527472528,0.9444444444444444,False,0,0,False,median_representative
71,119,89,lof,lof_k50,middle,1.042266123764357,0.5653846153846154,0.5601851851851852,False,0,0,False,median_representative
71,120,88,lof,lof_k50,middle,1.132401583709748,0.889010989010989,0.8842592592592593,False,0,0,False,median_representative
71,121,87,lof,lof_k50,middle,1.0775872827806643,0.7428571428571429,0.7337962962962963,False,0,0,False,median_representative
71,122,86,lof,lof_k50,middle,1.076284514344802,0.7362637362637363,0.7291666666666666,False,0,0,False,median_representative
71,123,85,lof,lof_k50,middle,1.13703573086002,0.8956043956043956,0.8935185185185185,False,0,0,False,median_representative
71,124,84,lof,lof_k50,middle,1.1577212815983289,0.9285714285714286,0.9236111111111112,False,0,0,False,median_representative
71,125,83,lof,lof_k50,middle,1.089964924354171,0.7923076923076923,0.7800925925925926,False,0,0,False,median_representative
71,126,82,lof,lof_k50,middle,1.1695231267861634,0.9384615384615383,0.9305555555555556,False,0,0,False,median_representative
71,127,81,lof,lof_k50,middle,1.1396458194894854,0.8989010989010989,0.8958333333333334,False,0,0,False,median_representative
71,128,80,lof,lof_k50,middle,1.1438597830303123,0.906043956043956,0.9027777777777778,False,0,0,False,median_representative
71,129,79,lof,lof_k50,middle,1.0271852048325618,0.4510989010989011,0.4467592592592592,False,0,0,False,median_representative
71,130,78,lof,lof_k50,middle,1.0875391881023333,0.7835164835164835,0.7731481481481481,False,0,0,False,median_representative
71,131,77,lof,lof_k50,middle,1.1015884824437965,0.8219780219780219,0.8101851851851852,False,0,0,False,median_representative
71,132,76,lof,lof_k50,middle,1.097385154964788,0.8115384615384615,0.8032407407407407,False,0,0,False,median_representative
71,133,75,lof,lof_k50,middle,1.2671237444917731,0.99010989010989,0.9861111111111112,True,1,0,False,median_representative
71,134,74,lof,lof_k50,middle,1.1311549133594487,0.8868131868131868,0.8796296296296297,False,1,0,False,median_representative
71,135,73,lof,lof_k50,middle,1.1887070741694454,0.9593406593406594,0.9537037037037036,False,1,0,False,median_representative
71,136,72,lof,lof_k50,middle,1.1049821871318266,0.8346153846153846,0.8240740740740741,False,1,0,False,median_representative
71,137,71,lof,lof_k50,middle,1.0585315280104668,0.6571428571428571,0.6388888888888888,False,1,0,False,median_representative
71,138,70,lof,lof_k50,middle,1.1313706578905465,0.8873626373626373,0.8819444444444444,False,1,0,False,median_representative
71,139,69,lof,lof_k50,middle,1.113940797999988,0.8505494505494505,0.8402777777777778,False,1,0,False,median_representative
71,140,68,lof,lof_k50,middle,1.143421394671084,0.9054945054945056,0.9027777777777778,False,1,0,False,median_representative
71,141,67,lof,lof_k50,middle,1.1797125599804394,0.9505494505494504,0.9444444444444444,False,1,0,False,median_representative
71,142,66,lof,lof_k50,middle,1.1791181542418734,0.9505494505494504,0.9444444444444444,False,1,0,False,median_representative
71,143,65,lof,lof_k50,middle,1.22273902661118,0.9774725274725274,0.976851851851852,False,0,0,False,median_representative
71,144,64,lof,lof_k50,middle,1.1374799968325229,0.8967032967032967,0.8935185185185185,False,0,0,False,median_representative
71,145,63,lof,lof_k50,middle,1.03618239709473,0.5236263736263737,0.5092592592592593,False,0,0,False,median_representative
71,146,62,lof,lof_k50,middle,1.1999405802153646,0.9675824175824176,0.9583333333333334,False,0,0,False,median_representative
71,147,61,lof,lof_k50,middle,1.3016205844211983,0.9950549450549452,0.9907407407407408,True,1,0,False,median_representative
71,148,60,lof,lof_k50,middle,1.450209971429833,0.9994505494505496,0.9976851851851852,True,2,0,False,median_representative
71,149,59,lof,lof_k50,middle,1.1443792927971457,0.9065934065934066,0.9027777777777778,False,2,0,False,median_representative
71,150,58,lof,lof_k50,middle,1.2348476931336585,0.9835164835164836,0.9837962962962964,False,2,0,False,median_representative
71,151,57,lof,lof_k50,middle,1.3468648679408866,0.9978021978021978,0.9953703703703703,True,3,0,False,median_representative
71,152,56,lof,lof_k50,middle,1.3168340143634782,0.9961538461538462,0.9930555555555556,True,4,0,False,median_representative
71,153,55,lof,lof_k50,middle,1.5020556112936083,1.0,1.0,True,5,1,True,median_representative
71,154,54,lof,lof_k50,middle,1.357986344969755,0.9983516483516484,0.9976851851851852,True,6,1,True,median_representative
71,155,53,lof,lof_k50,middle,1.5343439536595145,1.0,1.0,True,7,1,True,median_representative
71,156,52,lof,lof_k50,middle,1.3834411233554866,0.9994505494505496,0.9976851851851852,True,8,1,True,median_representative
71,157,51,lof,lof_k50,middle,1.2330276013795602,0.9829670329670328,0.9814814814814816,False,7,1,True,median_representative
71,158,50,lof,lof_k50,middle,1.424891156033096,0.9994505494505496,0.9976851851851852,True,7,1,True,median_representative
71,159,49,lof,lof_k50,middle,1.4538878187522937,0.9994505494505496,0.9976851851851852,True,8,1,True,median_representative
71,160,48,lof,lof_k50,middle,1.7887305967682172,1.0,1.0,True,9,1,True,median_representative
71,161,47,lof,lof_k50,middle,1.5164582188022648,1.0,1.0,True,9,1,True,median_representative
71,162,46,lof,lof_k50,middle,1.3679905270628374,0.9989010989010988,0.9976851851851852,True,9,1,True,median_representative
71,163,45,lof,lof_k50,middle,1.730619270031866,1.0,1.0,True,9,1,True,median_representative
71,164,44,lof,lof_k50,middle,1.503738802998435,1.0,1.0,True,9,1,True,median_representative
71,165,43,lof,lof_k50,middle,1.7726723274060832,1.0,1.0,True,9,1,True,median_representative
71,166,42,lof,lof_k50,middle,1.5779956903646903,1.0,1.0,True,9,1,True,median_representative
71,167,41,lof,lof_k50,middle,1.8572916121313556,1.0,1.0,True,10,1,True,median_representative
71,168,40,lof,lof_k50,middle,1.793879328445741,1.0,1.0,True,10,1,True,median_representative
71,169,39,lof,lof_k50,middle,1.7520374087523392,1.0,1.0,True,10,1,True,median_representative
71,170,38,lof,lof_k50,middle,1.851176167800306,1.0,1.0,True,10,1,True,median_representative
71,171,37,lof,lof_k50,middle,2.1613291610181613,1.0,1.0,True,10,1,True,median_representative
71,172,36,lof,lof_k50,middle,2.047043331825337,1.0,1.0,True,10,1,True,median_representative
71,173,35,lof,lof_k50,middle,2.196331582950592,1.0,1.0,True,10,1,True,median_representative
71,174,34,lof,lof_k50,middle,1.9469725682756531,1.0,1.0,True,10,1,True,median_representative
71,175,33,lof,lof_k50,middle,2.2650077532887773,1.0,1.0,True,10,1,True,median_representative
71,176,32,lof,lof_k50,middle,2.1770841120715336,1.0,1.0,True,10,1,True,median_representative
71,177,31,lof,lof_k50,middle,2.420857269500736,1.0,1.0,True,10,1,True,median_representative
71,178,30,lof,lof_k50,near_failure,2.2244734469455176,1.0,1.0,True,10,1,True,median_representative
71,179,29,lof,lof_k50,near_failure,2.553962818196691,1.0,1.0,True,10,1,True,median_representative
71,180,28,lof,lof_k50,near_failure,2.751611417479284,1.0,1.0,True,10,1,True,median_representative
71,181,27,lof,lof_k50,near_failure,2.5568946294835504,1.0,1.0,True,10,1,True,median_representative
71,182,26,lof,lof_k50,near_failure,2.7040104376021663,1.0,1.0,True,10,1,True,median_representative
71,183,25,lof,lof_k50,near_failure,3.157560564453342,1.0,1.0,True,10,1,True,median_representative
71,184,24,lof,lof_k50,near_failure,2.782846906105149,1.0,1.0,True,10,1,True,median_representative
71,185,23,lof,lof_k50,near_failure,2.894024364330164,1.0,1.0,True,10,1,True,median_representative
71,186,22,lof,lof_k50,near_failure,2.6949923163899725,1.0,1.0,True,10,1,True,median_representative
71,187,21,lof,lof_k50,near_failure,3.024202316804436,1.0,1.0,True,10,1,True,median_representative
71,188,20,lof,lof_k50,near_failure,3.2458375957502845,1.0,1.0,True,10,1,True,median_representative
71,189,19,lof,lof_k50,near_failure,2.9790720698671374,1.0,1.0,True,10,1,True,median_representative
71,190,18,lof,lof_k50,near_failure,3.163050650980449,1.0,1.0,True,10,1,True,median_representative
71,191,17,lof,lof_k50,near_failure,3.8545824797995065,1.0,1.0,True,10,1,True,median_representative
71,192,16,lof,lof_k50,near_failure,3.356953720177419,1.0,1.0,True,10,1,True,median_representative
71,193,15,lof,lof_k50,near_failure,3.300801513351544,1.0,1.0,True,10,1,True,median_representative
71,194,14,lof,lof_k50,near_failure,3.5421553076905945,1.0,1.0,True,10,1,True,median_representative
71,195,13,lof,lof_k50,near_failure,3.609516719960177,1.0,1.0,True,10,1,True,median_representative
71,196,12,lof,lof_k50,near_failure,4.047606347896501,1.0,1.0,True,10,1,True,median_representative
71,197,11,lof,lof_k50,near_failure,4.037730750296992,1.0,1.0,True,10,1,True,median_representative
71,198,10,lof,lof_k50,near_failure,4.0982186433465735,1.0,1.0,True,10,1,True,median_representative
71,199,9,lof,lof_k50,near_failure,4.037754219897524,1.0,1.0,True,10,1,True,median_representative
71,200,8,lof,lof_k50,near_failure,4.280001578504179,1.0,1.0,True,10,1,True,median_representative
71,201,7,lof,lof_k50,near_failure,4.62664530896244,1.0,1.0,True,10,1,True,median_representative
71,202,6,lof,lof_k50,near_failure,4.468237898368316,1.0,1.0,True,10,1,True,median_representative
71,203,5,lof,lof_k50,near_failure,4.83610316671059,1.0,1.0,True,10,1,True,median_representative
71,204,4,lof,lof_k50,near_failure,4.871537680550536,1.0,1.0,True,10,1,True,median_representative
71,205,3,lof,lof_k50,near_failure,4.723455071239036,1.0,1.0,True,10,1,True,median_representative
71,206,2,lof,lof_k50,near_failure,5.17537583667714,1.0,1.0,True,10,1,True,median_representative
71,207,1,lof,lof_k50,near_failure,5.385180768052161,1.0,1.0,True,10,1,True,median_representative
71,208,0,lof,lof_k50,near_failure,5.500107492998627,1.0,1.0,True,10,1,True,median_representative
73,1,212,lof,lof_k50,healthy,1.048104049738666,0.5983516483516483,0.5833333333333334,False,0,0,False,maximum_lead
73,2,211,lof,lof_k50,healthy,1.0719557870940586,0.7159340659340659,0.6990740740740741,False,0,0,False,maximum_lead
73,3,210,lof,lof_k50,healthy,0.9843357504427108,0.0758241758241758,0.0787037037037037,False,0,0,False,maximum_lead
73,4,209,lof,lof_k50,healthy,1.1300517540015371,0.884065934065934,0.875,False,0,0,False,maximum_lead
73,5,208,lof,lof_k50,healthy,1.0589491335951866,0.6593406593406593,0.6412037037037037,False,0,0,False,maximum_lead
73,6,207,lof,lof_k50,healthy,1.1480064033002686,0.9142857142857144,0.9097222222222222,False,0,0,False,maximum_lead
73,7,206,lof,lof_k50,healthy,1.056458071049459,0.6401098901098901,0.625,False,0,0,False,maximum_lead
73,8,205,lof,lof_k50,healthy,1.1218808319112772,0.8664835164835165,0.8564814814814815,False,0,0,False,maximum_lead
73,9,204,lof,lof_k50,healthy,1.016052298667416,0.3527472527472527,0.3472222222222222,False,0,0,False,maximum_lead
73,10,203,lof,lof_k50,healthy,1.101177223463474,0.8214285714285714,0.8101851851851852,False,0,0,False,maximum_lead
73,11,202,lof,lof_k50,healthy,1.0996644757863625,0.817032967032967,0.8078703703703703,False,0,0,False,maximum_lead
73,12,201,lof,lof_k50,healthy,1.0497253158320885,0.6076923076923076,0.5949074074074074,False,0,0,False,maximum_lead
73,13,200,lof,lof_k50,healthy,0.990757568810774,0.1263736263736263,0.1226851851851851,False,0,0,False,maximum_lead
73,14,199,lof,lof_k50,healthy,1.0824857493734903,0.7631868131868131,0.7453703703703703,False,0,0,False,maximum_lead
73,15,198,lof,lof_k50,healthy,0.98679160677694,0.0967032967032967,0.0949074074074074,False,0,0,False,maximum_lead
73,16,197,lof,lof_k50,healthy,1.0165326833410877,0.3582417582417582,0.3541666666666667,False,0,0,False,maximum_lead
73,17,196,lof,lof_k50,healthy,1.0102771409824058,0.3,0.3009259259259259,False,0,0,False,maximum_lead
73,18,195,lof,lof_k50,healthy,1.0786006340734362,0.7461538461538462,0.7337962962962963,False,0,0,False,maximum_lead
73,19,194,lof,lof_k50,healthy,1.1524676776640228,0.9208791208791208,0.9166666666666666,False,0,0,False,maximum_lead
73,20,193,lof,lof_k50,healthy,1.1096552218698883,0.8445054945054945,0.8356481481481481,False,0,0,False,maximum_lead
73,21,192,lof,lof_k50,healthy,0.985082377701796,0.084065934065934,0.0856481481481481,False,0,0,False,maximum_lead
73,22,191,lof,lof_k50,healthy,0.9900114424855287,0.1203296703296703,0.1157407407407407,False,0,0,False,maximum_lead
73,23,190,lof,lof_k50,healthy,1.039768419210035,0.5472527472527473,0.5416666666666666,False,0,0,False,maximum_lead
73,24,189,lof,lof_k50,healthy,1.1480339565039532,0.9142857142857144,0.9097222222222222,False,0,0,False,maximum_lead
73,25,188,lof,lof_k50,healthy,1.065489133192289,0.6868131868131868,0.6712962962962963,False,0,0,False,maximum_lead
73,26,187,lof,lof_k50,healthy,1.0020858979154126,0.2285714285714285,0.2430555555555555,False,0,0,False,maximum_lead
73,27,186,lof,lof_k50,healthy,1.0006681860378217,0.2126373626373626,0.2314814814814814,False,0,0,False,maximum_lead
73,28,185,lof,lof_k50,healthy,1.042049338511595,0.5637362637362637,0.5578703703703703,False,0,0,False,maximum_lead
73,29,184,lof,lof_k50,healthy,1.0126433440700435,0.3236263736263736,0.3217592592592592,False,0,0,False,maximum_lead
73,30,183,lof,lof_k50,healthy,1.0903022849650568,0.795054945054945,0.7800925925925926,False,0,0,False,maximum_lead
73,31,182,lof,lof_k50,healthy,1.093359694436619,0.8005494505494506,0.7870370370370371,False,0,0,False,maximum_lead
73,32,181,lof,lof_k50,healthy,0.9854254936899528,0.0868131868131868,0.0879629629629629,False,0,0,False,maximum_lead
73,33,180,lof,lof_k50,healthy,1.0271592388157649,0.4510989010989011,0.4467592592592592,False,0,0,False,maximum_lead
73,34,179,lof,lof_k50,healthy,1.034663881159761,0.5142857142857142,0.5,False,0,0,False,maximum_lead
73,35,178,lof,lof_k50,healthy,1.0215370994848465,0.4054945054945055,0.4050925925925926,False,0,0,False,maximum_lead
73,36,177,lof,lof_k50,healthy,1.1877888678606447,0.9571428571428572,0.9513888888888888,False,0,0,False,maximum_lead
73,37,176,lof,lof_k50,healthy,1.0196467500771311,0.3807692307692307,0.3726851851851852,False,0,0,False,maximum_lead
73,38,175,lof,lof_k50,healthy,1.1219886395381524,0.8664835164835165,0.8564814814814815,False,0,0,False,maximum_lead
73,39,174,lof,lof_k50,healthy,1.203554901528048,0.9697802197802198,0.9629629629629628,False,0,0,False,maximum_lead
73,40,173,lof,lof_k50,healthy,1.014402824196132,0.3395604395604396,0.3356481481481481,False,0,0,False,maximum_lead
73,41,172,lof,lof_k50,healthy,1.0334396794438314,0.5043956043956044,0.4953703703703703,False,0,0,False,maximum_lead
73,42,171,lof,lof_k50,healthy,1.1522299254238424,0.9203296703296704,0.9166666666666666,False,0,0,False,maximum_lead
73,43,170,lof,lof_k50,healthy,1.0213541901358378,0.4038461538461538,0.4027777777777778,False,0,0,False,maximum_lead
73,44,169,lof,lof_k50,healthy,1.010695504681632,0.3021978021978022,0.3009259259259259,False,0,0,False,maximum_lead
73,45,168,lof,lof_k50,healthy,1.0211551771514562,0.4005494505494505,0.3981481481481481,False,0,0,False,maximum_lead
73,46,167,lof,lof_k50,healthy,0.999688334546945,0.2021978021978022,0.224537037037037,False,0,0,False,maximum_lead
73,47,166,lof,lof_k50,healthy,1.0148340985391169,0.3439560439560439,0.3402777777777778,False,0,0,False,maximum_lead
73,48,165,lof,lof_k50,healthy,1.1471072483908318,0.9131868131868132,0.9097222222222222,False,0,0,False,maximum_lead
73,49,164,lof,lof_k50,healthy,1.108643025293101,0.8417582417582418,0.8310185185185185,False,0,0,False,maximum_lead
73,50,163,lof,lof_k50,healthy,1.204204859052472,0.9697802197802198,0.9629629629629628,False,0,0,False,maximum_lead
73,51,162,lof,lof_k50,healthy,0.9850294590119424,0.084065934065934,0.0856481481481481,False,0,0,False,maximum_lead
73,52,161,lof,lof_k50,healthy,1.0650471030691846,0.6846153846153846,0.6666666666666666,False,0,0,False,maximum_lead
73,53,160,lof,lof_k50,healthy,1.195345174547743,0.9648351648351648,0.9583333333333334,False,0,0,False,maximum_lead
73,54,159,lof,lof_k50,healthy,1.1154247088352869,0.8554945054945055,0.8449074074074074,False,0,0,False,maximum_lead
73,55,158,lof,lof_k50,healthy,1.0646459422878949,0.6840659340659341,0.6666666666666666,False,0,0,False,maximum_lead
73,56,157,lof,lof_k50,healthy,1.0562039677910993,0.6401098901098901,0.625,False,0,0,False,maximum_lead
73,57,156,lof,lof_k50,healthy,1.2056151455463502,0.9708791208791208,0.9652777777777778,False,0,0,False,maximum_lead
73,58,155,lof,lof_k50,healthy,1.07657380400753,0.7368131868131869,0.7291666666666666,False,0,0,False,maximum_lead
73,59,154,lof,lof_k50,healthy,1.004072309501033,0.2428571428571428,0.2569444444444444,False,0,0,False,maximum_lead
73,60,153,lof,lof_k50,healthy,1.1197953934366085,0.8631868131868132,0.8541666666666666,False,0,0,False,maximum_lead
73,61,152,lof,lof_k50,healthy,1.0378868998857758,0.5357142857142857,0.5254629629629629,False,0,0,False,maximum_lead
73,62,151,lof,lof_k50,healthy,1.211408569726058,0.9736263736263736,0.9675925925925926,False,0,0,False,maximum_lead
73,63,150,lof,lof_k50,healthy,1.0018512038371974,0.2236263736263736,0.2430555555555555,False,0,0,False,maximum_lead
73,64,149,lof,lof_k50,healthy,1.0240940002019363,0.4263736263736263,0.4212962962962963,False,0,0,False,maximum_lead
73,65,148,lof,lof_k50,healthy,1.165636675028949,0.9351648351648352,0.9282407407407408,False,0,0,False,maximum_lead
73,66,147,lof,lof_k50,healthy,1.0672322476741276,0.6906593406593406,0.6759259259259259,False,0,0,False,maximum_lead
73,67,146,lof,lof_k50,healthy,1.0462927868393594,0.5884615384615385,0.5763888888888888,False,0,0,False,maximum_lead
73,68,145,lof,lof_k50,healthy,1.1288940138829198,0.8813186813186813,0.8726851851851852,False,0,0,False,maximum_lead
73,69,144,lof,lof_k50,healthy,1.02409662644656,0.4263736263736263,0.4212962962962963,False,0,0,False,maximum_lead
73,70,143,lof,lof_k50,healthy,1.1226069188705698,0.8670329670329671,0.8587962962962963,False,0,0,False,maximum_lead
73,71,142,lof,lof_k50,healthy,1.0370064940532566,0.5291208791208791,0.5115740740740741,False,0,0,False,maximum_lead
73,72,141,lof,lof_k50,healthy,1.0095247938710847,0.295054945054945,0.2916666666666667,False,0,0,False,maximum_lead
73,73,140,lof,lof_k50,healthy,1.1426770278387794,0.9043956043956044,0.9027777777777778,False,0,0,False,maximum_lead
73,74,139,lof,lof_k50,healthy,1.1508772738042474,0.9186813186813186,0.9166666666666666,False,0,0,False,maximum_lead
73,75,138,lof,lof_k50,healthy,1.086665758351075,0.7802197802197802,0.7638888888888888,False,0,0,False,maximum_lead
73,76,137,lof,lof_k50,healthy,1.1219621525626315,0.8664835164835165,0.8564814814814815,False,0,0,False,maximum_lead
73,77,136,lof,lof_k50,healthy,1.1697715345434403,0.939010989010989,0.9305555555555556,False,0,0,False,maximum_lead
73,78,135,lof,lof_k50,healthy,1.0196428861652531,0.3807692307692307,0.3726851851851852,False,0,0,False,maximum_lead
73,79,134,lof,lof_k50,healthy,1.0588577673257995,0.6593406593406593,0.6412037037037037,False,0,0,False,maximum_lead
73,80,133,lof,lof_k50,healthy,1.030512930200495,0.4813186813186813,0.4814814814814814,False,0,0,False,maximum_lead
73,81,132,lof,lof_k50,healthy,1.151504002553118,0.9203296703296704,0.9166666666666666,False,0,0,False,maximum_lead
73,82,131,lof,lof_k50,healthy,1.1381856011769735,0.8983516483516484,0.8958333333333334,False,0,0,False,maximum_lead
73,83,130,lof,lof_k50,healthy,1.0138668128945754,0.3335164835164835,0.3287037037037037,False,0,0,False,maximum_lead
73,84,129,lof,lof_k50,healthy,1.013609616420542,0.3307692307692307,0.3287037037037037,False,0,0,False,maximum_lead
73,85,128,lof,lof_k50,healthy,1.1105593518747348,0.8456043956043956,0.8379629629629629,False,0,0,False,maximum_lead
73,86,127,lof,lof_k50,healthy,0.9880775307950028,0.1054945054945055,0.1041666666666666,False,0,0,False,maximum_lead
73,87,126,lof,lof_k50,healthy,1.1601238454941991,0.9291208791208792,0.9236111111111112,False,0,0,False,maximum_lead
73,88,125,lof,lof_k50,middle,1.0747328541992094,0.7324175824175824,0.7222222222222222,False,0,0,False,maximum_lead
73,89,124,lof,lof_k50,middle,1.0752296259030991,0.7335164835164835,0.7245370370370371,False,0,0,False,maximum_lead
73,90,123,lof,lof_k50,middle,1.0531289359314593,0.6247252747252747,0.6134259259259259,False,0,0,False,maximum_lead
73,91,122,lof,lof_k50,middle,1.0523580825716623,0.6208791208791209,0.6111111111111112,False,0,0,False,maximum_lead
73,92,121,lof,lof_k50,middle,1.1063936003512091,0.8368131868131868,0.8287037037037037,False,0,0,False,maximum_lead
73,93,120,lof,lof_k50,middle,1.0813684959622412,0.7598901098901099,0.7430555555555556,False,0,0,False,maximum_lead
73,94,119,lof,lof_k50,middle,1.1270320748634592,0.8747252747252747,0.8657407407407407,False,0,0,False,maximum_lead
73,95,118,lof,lof_k50,middle,1.0515142584238242,0.6164835164835165,0.6041666666666666,False,0,0,False,maximum_lead
73,96,117,lof,lof_k50,middle,1.1127435538253592,0.8494505494505494,0.8402777777777778,False,0,0,False,maximum_lead
73,97,116,lof,lof_k50,middle,1.070344257395893,0.7076923076923077,0.6921296296296297,False,0,0,False,maximum_lead
73,98,115,lof,lof_k50,middle,1.146379296591835,0.9115384615384616,0.9097222222222222,False,0,0,False,maximum_lead
73,99,114,lof,lof_k50,middle,1.1864701027749271,0.956043956043956,0.949074074074074,False,0,0,False,maximum_lead
73,100,113,lof,lof_k50,middle,1.2438184703394273,0.9851648351648352,0.9861111111111112,False,0,0,False,maximum_lead
73,101,112,lof,lof_k50,middle,1.2102088875279369,0.9736263736263736,0.9675925925925926,False,0,0,False,maximum_lead
73,102,111,lof,lof_k50,middle,1.126013318888356,0.8730769230769231,0.8634259259259259,False,0,0,False,maximum_lead
73,103,110,lof,lof_k50,middle,1.0417387959672906,0.5615384615384615,0.5532407407407407,False,0,0,False,maximum_lead
73,104,109,lof,lof_k50,middle,1.0758539122739008,0.7351648351648352,0.7245370370370371,False,0,0,False,maximum_lead
73,105,108,lof,lof_k50,middle,1.0896738514301585,0.7917582417582417,0.7800925925925926,False,0,0,False,maximum_lead
73,106,107,lof,lof_k50,middle,1.1133486923976563,0.85,0.8402777777777778,False,0,0,False,maximum_lead
73,107,106,lof,lof_k50,middle,1.034628995182186,0.5137362637362637,0.4976851851851852,False,0,0,False,maximum_lead
73,108,105,lof,lof_k50,middle,1.0710808245988102,0.7131868131868132,0.6944444444444444,False,0,0,False,maximum_lead
73,109,104,lof,lof_k50,middle,1.1796247251924623,0.9505494505494504,0.9444444444444444,False,0,0,False,maximum_lead
73,110,103,lof,lof_k50,middle,1.0934035578726822,0.8005494505494506,0.7870370370370371,False,0,0,False,maximum_lead
73,111,102,lof,lof_k50,middle,1.0447416114220172,0.578021978021978,0.5671296296296297,False,0,0,False,maximum_lead
73,112,101,lof,lof_k50,middle,0.9976415651324412,0.1829670329670329,0.2013888888888889,False,0,0,False,maximum_lead
73,113,100,lof,lof_k50,middle,1.4370323430476457,0.9994505494505496,0.9976851851851852,True,1,0,False,maximum_lead
73,114,99,lof,lof_k50,middle,1.2827138157425817,0.993956043956044,0.9907407407407408,True,2,0,False,maximum_lead
73,115,98,lof,lof_k50,middle,1.2180133457049742,0.9763736263736263,0.9722222222222222,False,2,0,False,maximum_lead
73,116,97,lof,lof_k50,middle,1.081264063459495,0.7593406593406593,0.7430555555555556,False,2,0,False,maximum_lead
73,117,96,lof,lof_k50,middle,1.2786948395097166,0.9923076923076924,0.9907407407407408,True,3,0,False,maximum_lead
73,118,95,lof,lof_k50,middle,1.0887944466804504,0.789010989010989,0.7777777777777778,False,3,0,False,maximum_lead
73,119,94,lof,lof_k50,middle,1.2428428643989218,0.9851648351648352,0.9861111111111112,False,3,0,False,maximum_lead
73,120,93,lof,lof_k50,middle,1.2975647511817172,0.9950549450549452,0.9907407407407408,True,4,0,False,maximum_lead
73,121,92,lof,lof_k50,middle,1.1767201834946663,0.95,0.9444444444444444,False,4,0,False,maximum_lead
73,122,91,lof,lof_k50,middle,1.3022552046200155,0.9950549450549452,0.9907407407407408,True,5,1,True,maximum_lead
73,123,90,lof,lof_k50,middle,1.4470330801844,0.9994505494505496,0.9976851851851852,True,5,1,True,maximum_lead
73,124,89,lof,lof_k50,middle,1.1727882816473183,0.943956043956044,0.9421296296296297,False,4,0,True,maximum_lead
73,125,88,lof,lof_k50,middle,1.2154248963843466,0.9741758241758242,0.9675925925925926,False,4,0,True,maximum_lead
73,126,87,lof,lof_k50,middle,1.2617582261586922,0.9895604395604396,0.9861111111111112,False,4,0,True,maximum_lead
73,127,86,lof,lof_k50,middle,1.1991451714342474,0.967032967032967,0.9583333333333334,False,3,0,True,maximum_lead
73,128,85,lof,lof_k50,middle,1.192114637531421,0.962087912087912,0.9560185185185184,False,3,0,True,maximum_lead
73,129,84,lof,lof_k50,middle,1.3057885444078046,0.9956043956043956,0.9930555555555556,True,4,0,True,maximum_lead
73,130,83,lof,lof_k50,middle,1.0592652373769942,0.660989010989011,0.6412037037037037,False,3,0,True,maximum_lead
73,131,82,lof,lof_k50,middle,1.2115423456096517,0.9736263736263736,0.9675925925925926,False,3,0,True,maximum_lead
73,132,81,lof,lof_k50,middle,1.5844435683956917,1.0,1.0,True,3,0,True,maximum_lead
73,133,80,lof,lof_k50,middle,1.3208778110092398,0.9961538461538462,0.9930555555555556,True,3,0,True,maximum_lead
73,134,79,lof,lof_k50,middle,1.1591981589744935,0.9285714285714286,0.9236111111111112,False,3,0,True,maximum_lead
73,135,78,lof,lof_k50,middle,1.1800391205909126,0.9516483516483516,0.9444444444444444,False,3,0,True,maximum_lead
73,136,77,lof,lof_k50,middle,1.315045659134905,0.9956043956043956,0.9930555555555556,True,4,0,True,maximum_lead
73,137,76,lof,lof_k50,middle,1.4528103733219628,0.9994505494505496,0.9976851851851852,True,5,1,True,maximum_lead
73,138,75,lof,lof_k50,middle,1.1133016066425012,0.85,0.8402777777777778,False,5,1,True,maximum_lead
73,139,74,lof,lof_k50,middle,1.1477185940771233,0.9142857142857144,0.9097222222222222,False,4,0,True,maximum_lead
73,140,73,lof,lof_k50,middle,1.5664880565361443,1.0,1.0,True,5,1,True,maximum_lead
73,141,72,lof,lof_k50,middle,1.202549209659531,0.9686813186813188,0.960648148148148,False,5,1,True,maximum_lead
73,142,71,lof,lof_k50,middle,1.5074146056441575,1.0,1.0,True,5,1,True,maximum_lead
73,143,70,lof,lof_k50,middle,1.152747588656304,0.9214285714285714,0.9166666666666666,False,4,0,True,maximum_lead
73,144,69,lof,lof_k50,middle,1.4162148199807445,0.9994505494505496,0.9976851851851852,True,5,1,True,maximum_lead
73,145,68,lof,lof_k50,middle,1.5060626703519435,1.0,1.0,True,6,1,True,maximum_lead
73,146,67,lof,lof_k50,middle,1.4142542135210838,0.9994505494505496,0.9976851851851852,True,6,1,True,maximum_lead
73,147,66,lof,lof_k50,middle,1.2397836929048165,0.9835164835164836,0.9837962962962964,False,5,1,True,maximum_lead
73,148,65,lof,lof_k50,middle,1.4332617696194334,0.9994505494505496,0.9976851851851852,True,6,1,True,maximum_lead
73,149,64,lof,lof_k50,middle,1.2447101499789883,0.9851648351648352,0.9861111111111112,False,6,1,True,maximum_lead
73,150,63,lof,lof_k50,middle,1.2794808874194097,0.9923076923076924,0.9907407407407408,True,6,1,True,maximum_lead
73,151,62,lof,lof_k50,middle,1.392372190679206,0.9994505494505496,0.9976851851851852,True,7,1,True,maximum_lead
73,152,61,lof,lof_k50,middle,1.3448304012614745,0.9978021978021978,0.9953703703703703,True,7,1,True,maximum_lead
73,153,60,lof,lof_k50,middle,1.605921823502814,1.0,1.0,True,8,1,True,maximum_lead
73,154,59,lof,lof_k50,middle,1.3571402196102398,0.9983516483516484,0.9976851851851852,True,8,1,True,maximum_lead
73,155,58,lof,lof_k50,middle,1.6229644527604847,1.0,1.0,True,8,1,True,maximum_lead
73,156,57,lof,lof_k50,middle,1.5621473797688323,1.0,1.0,True,8,1,True,maximum_lead
73,157,56,lof,lof_k50,middle,1.5692823282990704,1.0,1.0,True,9,1,True,maximum_lead
73,158,55,lof,lof_k50,middle,1.48507276996086,1.0,1.0,True,9,1,True,maximum_lead
73,159,54,lof,lof_k50,middle,1.4252538292837127,0.9994505494505496,0.9976851851851852,True,10,1,True,maximum_lead
73,160,53,lof,lof_k50,middle,1.4761512281338145,1.0,1.0,True,10,1,True,maximum_lead
73,161,52,lof,lof_k50,middle,1.7999334204504078,1.0,1.0,True,10,1,True,maximum_lead
73,162,51,lof,lof_k50,middle,1.6245292544991756,1.0,1.0,True,10,1,True,maximum_lead
73,163,50,lof,lof_k50,middle,1.7511903703975764,1.0,1.0,True,10,1,True,maximum_lead
73,164,49,lof,lof_k50,middle,1.496463906450573,1.0,1.0,True,10,1,True,maximum_lead
73,165,48,lof,lof_k50,middle,1.3565821710673691,0.9983516483516484,0.9976851851851852,True,10,1,True,maximum_lead
73,166,47,lof,lof_k50,middle,1.6122045540592018,1.0,1.0,True,10,1,True,maximum_lead
73,167,46,lof,lof_k50,middle,1.6065629141114703,1.0,1.0,True,10,1,True,maximum_lead
73,168,45,lof,lof_k50,middle,1.6734935247480072,1.0,1.0,True,10,1,True,maximum_lead
73,169,44,lof,lof_k50,middle,2.1725017647609746,1.0,1.0,True,10,1,True,maximum_lead
73,170,43,lof,lof_k50,middle,1.856544348571972,1.0,1.0,True,10,1,True,maximum_lead
73,171,42,lof,lof_k50,middle,1.9219575637793676,1.0,1.0,True,10,1,True,maximum_lead
73,172,41,lof,lof_k50,middle,2.176125239497495,1.0,1.0,True,10,1,True,maximum_lead
73,173,40,lof,lof_k50,middle,1.4656136256276782,1.0,1.0,True,10,1,True,maximum_lead
73,174,39,lof,lof_k50,middle,2.1182933434674256,1.0,1.0,True,10,1,True,maximum_lead
73,175,38,lof,lof_k50,middle,2.032082306571432,1.0,1.0,True,10,1,True,maximum_lead
73,176,37,lof,lof_k50,middle,1.8950422187177915,1.0,1.0,True,10,1,True,maximum_lead
73,177,36,lof,lof_k50,middle,1.8785839311193329,1.0,1.0,True,10,1,True,maximum_lead
73,178,35,lof,lof_k50,middle,2.091341303930561,1.0,1.0,True,10,1,True,maximum_lead
73,179,34,lof,lof_k50,middle,1.9982655562557192,1.0,1.0,True,10,1,True,maximum_lead
73,180,33,lof,lof_k50,middle,1.9251262016063924,1.0,1.0,True,10,1,True,maximum_lead
73,181,32,lof,lof_k50,middle,2.0073554357940835,1.0,1.0,True,10,1,True,maximum_lead
73,182,31,lof,lof_k50,middle,1.8430599053844512,1.0,1.0,True,10,1,True,maximum_lead
73,183,30,lof,lof_k50,near_failure,2.018825293169323,1.0,1.0,True,10,1,True,maximum_lead
73,184,29,lof,lof_k50,near_failure,2.2552906199268348,1.0,1.0,True,10,1,True,maximum_lead
73,185,28,lof,lof_k50,near_failure,1.924991149557088,1.0,1.0,True,10,1,True,maximum_lead
73,186,27,lof,lof_k50,near_failure,2.0561117204950223,1.0,1.0,True,10,1,True,maximum_lead
73,187,26,lof,lof_k50,near_failure,2.213354240801985,1.0,1.0,True,10,1,True,maximum_lead
73,188,25,lof,lof_k50,near_failure,2.0571016471213737,1.0,1.0,True,10,1,True,maximum_lead
73,189,24,lof,lof_k50,near_failure,1.992756366296629,1.0,1.0,True,10,1,True,maximum_lead
73,190,23,lof,lof_k50,near_failure,2.235586792508667,1.0,1.0,True,10,1,True,maximum_lead
73,191,22,lof,lof_k50,near_failure,2.2718566769869173,1.0,1.0,True,10,1,True,maximum_lead
73,192,21,lof,lof_k50,near_failure,2.092675039555977,1.0,1.0,True,10,1,True,maximum_lead
73,193,20,lof,lof_k50,near_failure,2.6355240704078904,1.0,1.0,True,10,1,True,maximum_lead
73,194,19,lof,lof_k50,near_failure,2.3695646628067304,1.0,1.0,True,10,1,True,maximum_lead
73,195,18,lof,lof_k50,near_failure,2.2974915330843704,1.0,1.0,True,10,1,True,maximum_lead
73,196,17,lof,lof_k50,near_failure,2.5483400675437493,1.0,1.0,True,10,1,True,maximum_lead
73,197,16,lof,lof_k50,near_failure,2.5063714987629573,1.0,1.0,True,10,1,True,maximum_lead
73,198,15,lof,lof_k50,near_failure,2.5203665851348678,1.0,1.0,True,10,1,True,maximum_lead
73,199,14,lof,lof_k50,near_failure,2.594970187164712,1.0,1.0,True,10,1,True,maximum_lead
73,200,13,lof,lof_k50,near_failure,2.803554082436143,1.0,1.0,True,10,1,True,maximum_lead
73,201,12,lof,lof_k50,near_failure,2.3526361871378527,1.0,1.0,True,10,1,True,maximum_lead
73,202,11,lof,lof_k50,near_failure,2.996268855900317,1.0,1.0,True,10,1,True,maximum_lead
73,203,10,lof,lof_k50,near_failure,2.583614509642962,1.0,1.0,True,10,1,True,maximum_lead
73,204,9,lof,lof_k50,near_failure,2.9563709923111428,1.0,1.0,True,10,1,True,maximum_lead
73,205,8,lof,lof_k50,near_failure,2.7262796324011505,1.0,1.0,True,10,1,True,maximum_lead
73,206,7,lof,lof_k50,near_failure,2.8760448785325297,1.0,1.0,True,10,1,True,maximum_lead
73,207,6,lof,lof_k50,near_failure,2.8960580404919734,1.0,1.0,True,10,1,True,maximum_lead
73,208,5,lof,lof_k50,near_failure,3.2222924792576446,1.0,1.0,True,10,1,True,maximum_lead
73,209,4,lof,lof_k50,near_failure,2.880593426941802,1.0,1.0,True,10,1,True,maximum_lead
73,210,3,lof,lof_k50,near_failure,2.8711334990413557,1.0,1.0,True,10,1,True,maximum_lead
73,211,2,lof,lof_k50,near_failure,3.3329615990182733,1.0,1.0,True,10,1,True,maximum_lead
73,212,1,lof,lof_k50,near_failure,2.983829663054228,1.0,1.0,True,10,1,True,maximum_lead
73,213,0,lof,lof_k50,near_failure,2.9169340639798174,1.0,1.0,True,10,1,True,maximum_lead
